,종목명,시가총액,Rank,규모
1500,삼성전자,4340032.0,1,대++
1501,LG에너지솔루션,1038960.0,2,대++
1502,SK하이닉스,956595.0,3,대++
1503,삼성바이오로직스,512453.0,4,대++
1504,삼성전자우,473160.0,5,대++
1505,POSCO홀딩스,399176.0,6,대++
1506,현대차,388372.0,7,대++
1507,LG화학,348373.0,8,대++
1508,기아,339325.0,9,대++
1509,NAVER,328877.0,10,대++
1510,삼성SDI,316661.0,11,대++
1511,셀트리온,248738.0,12,대++
0,에코프로비엠,245481.0,13,대++
1512,포스코퓨처엠,232777.0,14,대++
1513,KB금융,217492.0,15,대++
1514,삼성물산,216957.0,16,대++
1515,카카오,212469.0,17,대++
1516,현대모비스,211192.0,18,대++
1,에코프로,193849.0,19,대++
1517,신한지주,187128.0,20,대++
1518,LG전자,174449.0,21,대++
1519,SK이노베이션,141522.0,22,대++
1520,삼성생명,138400.0,23,대++
1521,LG,134335.0,24,대++
2,셀트리온헬스케어,123184.0,25,대++
1522,KT&G,121778.0,26,대++
1523,하나금융지주,121620.0,27,대++
1524,SK,119826.0,28,대++
1525,삼성화재,118200.0,29,대++
1526,한국전력,114013.0,30,대++
1527,카카오뱅크,113947.0,31,대++
1528,SK텔레콤,113793.0,32,대++
1529,메리츠금융지주,113479.0,33,대++
1530,삼성에스디에스,112585.0,34,대++
1531,HMM,109626.0,35,대++
1532,포스코인터내셔널,104146.0,36,대++
1533,고려아연,103811.0,37,대++
1534,삼성전기,103152.0,38,대++
1535,HD현대중공업,101823.0,39,대++
1536,크래프톤,98176.0,40,대+
1537,두산에너빌리티,94034.0,41,대+
1538,우리금융지주,93918.0,42,대+
1539,기업은행,92661.0,43,대+
3,포스코DX,85900.0,44,대+
1540,KT,85610.0,45,대+
1541,대한항공,82297.0,46,대+
1542,하이브,80555.0,47,대+
1543,아모레퍼시픽,79375.0,48,대+
1544,S-Oil,78020.0,49,대+
1545,HD한국조선해양,71410.0,50,대+
1546,TIGER CD금리투자KIS(합성),70833.0,51,대+
1547,SK바이오팜,68289.0,52,대+
1548,삼성중공업,67936.0,53,대+
1549,KODEX 200,67466.0,54,대+
1550,롯데케미칼,67072.0,55,대+
1551,현대글로비스,66338.0,56,대+
1552,SK스퀘어,65460.0,57,대+
1553,한화에어로스페이스,61414.0,58,대+
1554,한미반도체,60350.0,59,대+
1555,한화오션,59532.0,60,대+
1556,LG이노텍,59286.0,61,대+
1557,DB손해보험,58056.0,62,대+
1558,금양,57818.0,63,대+
1559,카카오페이,57475.0,64,대+
1560,한화솔루션,56725.0,65,대+
1561,엔씨소프트,55653.0,66,대+
1562,맥쿼리인프라,54516.0,67,대+
4,엘앤에프,54408.0,68,대+
1563,한국타이어앤테크놀로지,53824.0,69,대+
1564,LG생활건강,53727.0,70,대+
1565,SK바이오사이언스,52060.0,71,대+
1566,삼성엔지니어링,50764.0,72,대+
1567,에코프로머티,50693.0,73,대+
1568,코스모신소재,49194.0,74,대+
1569,LG디스플레이,48734.0,75,대+
1570,SK아이이테크놀로지,48482.0,76,대+
1571,CJ제일제당,48173.0,77,대+
1572,유한양행,47669.0,78,대+
1573,오리온,47562.0,79,대+
1574,HD현대,47554.0,80,대+
1575,현대제철,46306.0,81,대+
1576,LG유플러스,45670.0,82,대+
1577,한국항공우주,45131.0,83,대+
1578,현대오토에버,44866.0,84,대+
1579,미래에셋증권,44188.0,85,대+
1580,넷마블,42977.0,86,대+
1581,두산밥캣,41904.0,87,대+
1582,현대건설,41035.0,88,대+
5,HLB,40121.0,89,대+
1583,GS,39396.0,90,대+
1584,KODEX KOFR금리액티브(합성),39310.0,91,대+
1585,현대차2우B,39263.0,92,대+
1586,한온시스템,38380.0,93,대+
1587,삼성카드,38233.0,94,대+
1588,두산로보틱스,37920.0,95,대+
1589,한미약품,37812.0,96,대+
1590,코웨이,37638.0,97,대+
1591,금호석유,37397.0,98,대+
1592,KODEX CD금리액티브(합성),37369.0,99,대+
1593,SKC,36922.0,100,대+
1594,한진칼,35317.0,101,대+
6,알테오젠,35152.0,102,대+
1595,삼성증권,34693.0,103,대+
1596,NH투자증권,34294.0,104,대+
7,셀트리온제약,33589.0,105,대+
1597,F&F,33365.0,106,대+
1598,강원랜드,33182.0,107,대+
1599,TIGER KOFR금리액티브(합성),32960.0,108,대+
8,JYP Ent.,32818.0,109,대+
1600,한국금융지주,32544.0,110,대+
9,레인보우로보틱스,32466.0,111,대+
1601,현대미포조선,30955.0,112,대+
1602,HD현대일렉트릭,30784.0,113,대+
1603,롯데지주,30424.0,114,대+
10,HPSP,30191.0,115,대+
1604,쌍용C&E,29722.0,116,대
1605,현대로템,28268.0,117,대
1606,KODEX 종합채권(AA-이상)액티브,27981.0,118,대
1607,한화시스템,27903.0,119,대
1608,현대해상,27580.0,120,대
11,리노공업,27253.0,121,대
12,펄어비스,26984.0,122,대
1609,호텔신라,26335.0,123,대
1610,CJ,26259.0,124,대
1611,GS리테일,26022.0,125,대
1612,LS,25921.0,126,대
1613,현대차우,25897.0,127,대
1614,농심,25699.0,128,대
1615,TIGER 200,25641.0,129,대
1616,DB하이텍,25130.0,130,대
1617,한미사이언스,25045.0,131,대
13,클래시스,25036.0,132,대
1618,아모레G,24490.0,133,대
1619,키움증권,24470.0,134,대
1620,TIGER 미국나스닥100,24364.0,135,대
1621,한화생명,23798.0,136,대
1622,제일기획,23411.0,137,대
1623,BGF리테일,23402.0,138,대
1624,LG화학우,23336.0,139,대
1625,KODEX 레버리지,23227.0,140,대
1626,휠라홀딩스,23147.0,141,대
1627,BNK금융지주,22868.0,142,대
1628,에스원,22496.0,143,대
1629,팬오션,22479.0,144,대
1630,롯데쇼핑,22405.0,145,대
1631,한전기술,22015.0,146,대
1632,씨에스윈드,22013.0,147,대
1633,한국가스공사,21878.0,148,대
1634,KCC,21594.0,149,대
14,에스엠,21519.0,150,대
1635,JB금융지주,21451.0,151,대
1636,이마트,21436.0,152,대
1637,LS ELECTRIC,21270.0,153,대
15,솔브레인,21235.0,154,대
1638,TIGER 차이나전기차SOLACTIVE,21015.0,155,대
16,카카오게임즈,20834.0,156,대
1639,영원무역,20738.0,157,대
1640,CJ대한통운,20508.0,158,대
1641,LIG넥스원,20460.0,159,대
1642,OCI홀딩스,20427.0,160,대
1643,한솔케미칼,20415.0,161,대
1644,TIGER 미국S&P500,20224.0,162,대
1645,KODEX 200TR,20156.0,163,대
1646,롯데에너지머티리얼즈,19851.0,164,대
17,이오테크닉스,19724.0,165,대
1647,이수페타시스,19701.0,166,대
18,동진쎄미켐,18972.0,167,대
19,ISC,18781.0,168,대
1648,한화,18665.0,169,대
20,휴젤,18553.0,170,대
1649,대우건설,18537.0,171,대
1650,효성중공업,18528.0,172,대
21,위메이드,18386.0,173,대
1651,한올바이오파마,18336.0,174,대
1652,동서,18205.0,175,대
1653,현대엘리베이,17963.0,176,대
1654,효성첨단소재,17225.0,177,대
22,주성엔지니어링,17104.0,178,대
1655,신세계,17062.0,179,대
23,원익IPS,17057.0,180,대
1656,HL만도,16834.0,181,대
1657,삼아알미늄,16786.0,182,대
24,스튜디오드래곤,16562.0,183,대
1658,TIGER 미국테크TOP10 INDXX,16277.0,184,대
1659,효성티앤씨,16229.0,185,대
1660,하이트진로,16131.0,186,대
1661,오뚜기,15931.0,187,대
1662,KODEX 24-12 은행채(AA+이상)액티브,15620.0,188,대
1663,현대위아,15420.0,189,대
25,메디톡스,15400.0,190,대
1664,HD현대인프라코어,15369.0,191,대
1665,한전KPS,15300.0,192,대
1666,TIGER 미국필라델피아반도체나스닥,15288.0,193,대
1667,금호타이어,15225.0,194,대
1668,롯데정밀화학,15222.0,195,대
1669,LX세미콘,15175.0,196,대
1670,에스엘,15142.0,197,대
1671,TIGER TOP10,14944.0,198,대
1672,대한전선,14921.0,199,대
26,CJ ENM,14846.0,200,대
27,삼천당제약,14782.0,201,대
1673,KG모빌리티,14751.0,202,대
1674,KBSTAR 머니마켓액티브,14707.0,203,대
1675,삼양식품,14689.0,204,대
1676,종근당,14655.0,205,대
28,나노신소재,14616.0,206,대
29,케어젠,14503.0,207,대
30,하나마이크론,14472.0,208,대
1677,동원산업,14317.0,209,대
1678,코스모화학,14115.0,210,대
1679,KODEX 200선물인버스2X,14104.0,211,대
1680,DL이앤씨,14084.0,212,대
1681,DGB금융지주,14073.0,213,대
1682,솔루엠,14027.0,214,대
1683,롯데칠성,14020.0,215,대
1684,효성,14012.0,216,대
31,더블유씨피,13967.0,217,대
1685,두산,13847.0,218,대
1686,덴티움,13725.0,219,대
1687,GS건설,13693.0,220,대
1688,에스디바이오센서,13568.0,221,대
1689,SK가스,13522.0,222,대
32,동화기업,13463.0,223,대
1690,코스맥스,13461.0,224,대
1691,SK네트웍스,13416.0,225,대
1692,두산퓨얼셀,13361.0,226,대
1693,TCC스틸,13290.0,227,대
1694,녹십자,13147.0,228,대
33,에스티팜,13053.0,229,대
34,파라다이스,13011.0,230,대
1695,KBSTAR 200,12758.0,231,대
35,현대바이오,12620.0,232,대
1696,대웅제약,12583.0,233,대
1697,대덕전자,12577.0,234,대
36,대주전자재료,12369.0,235,대
1698,TIGER 2차전지테마,12254.0,236,대
1699,KODEX 단기채권PLUS,12248.0,237,대
1700,한국앤컴퍼니,12190.0,238,대
1701,현대백화점,12169.0,239,대
1702,코오롱인더,12136.0,240,대
37,HK이노엔,12083.0,241,대
38,성일하이텍,12040.0,242,대
39,파마리서치,11942.0,243,대
40,덕산네오룩스,11857.0,244,대
41,레고켐바이오,11851.0,245,대
1703,롯데웰푸드,11831.0,246,대
1704,한샘,11790.0,247,대
1705,LX인터내셔널,11550.0,248,대
42,루닛,11514.0,249,대
43,심텍,11452.0,250,대
44,파크시스템스,11374.0,251,대
45,신성델타테크,11323.0,252,대
46,씨젠,11307.0,253,대
47,피엔티,11302.0,254,대
1706,KODEX 삼성그룹,11178.0,255,대
1707,KODEX 코스닥150레버리지,11137.0,256,대
48,티씨케이,11068.0,257,대
1708,KODEX 2차전지산업,11061.0,258,대
1709,SK리츠,10994.0,259,대
49,메지온,10977.0,260,대
1710,SK케미칼,10956.0,261,대
1711,코리안리,10900.0,262,대
1712,후성,10841.0,263,대
50,에스에프에이,10701.0,264,대
1713,한국콜마,10697.0,265,대
51,넥슨게임즈,10677.0,266,대
1714,영원무역홀딩스,10636.0,267,대
1715,대한유화,10400.0,268,대
52,포스코엠텍,10348.0,269,대
53,천보,10290.0,270,대
54,에코프로에이치엔,10270.0,271,대
55,유진테크,10266.0,272,대
56,에스앤에스텍,10189.0,273,대
57,와이지엔터테인먼트,10106.0,274,대
1716,DL,10101.0,275,대
1717,풍산,10075.0,276,대
1718,TIGER MSCI Korea TR,10054.0,277,대
58,엔켐,10037.0,278,대
1719,오리온홀딩스,9923.0,279,중+
1720,대웅,9867.0,280,중+
1721,명신산업,9854.0,281,중+
1722,롯데렌탈,9800.0,282,중+
59,카나리아바이오,9728.0,283,중+
60,파두,9626.0,284,중+
1723,KODEX Top5PlusTR,9509.0,285,중+
1724,KBSTAR 종합채권(A-이상)액티브,9482.0,286,중+
61,하나머티리얼즈,9481.0,287,중+
1725,HD현대건설기계,9437.0,288,중+
1726,SK오션플랜트,9382.0,289,중+
1727,영풍,9376.0,290,중+
62,HLB생명과학,9296.0,291,중+
1728,한세실업,9220.0,292,중+
1729,HDC현대산업개발,9201.0,293,중+
63,제이시스메디칼,9176.0,294,중+
64,에이비엘바이오,9138.0,295,중+
65,차바이오텍,9038.0,296,중+
1730,동원시스템즈,9031.0,297,중+
1731,제주항공,8954.0,298,중+
1732,미래에셋생명,8922.0,299,중+
1733,TKG휴켐스,8912.0,300,중+
1734,더존비즈온,8811.0,301,중+
66,두산테스나,8811.0,302,중+
1735,해성디에스,8789.0,303,중+
1736,한일시멘트,8782.0,304,중+
1737,GKL,8753.0,305,중+
67,이엠텍,8721.0,306,중+
68,디어유,8653.0,307,중+
1738,아이에스동서,8650.0,308,중+
1739,PI첨단소재,8648.0,309,중+
1740,율촌화학,8606.0,310,중+
69,제이앤티씨,8533.0,311,중+
70,윤성에프앤씨,8522.0,312,중+
1741,일진하이솔루스,8515.0,313,중+
1742,이수스페셜티케미컬,8477.0,314,중+
1743,세아베스틸지주,8463.0,315,중+
71,SFA반도체,8453.0,316,중+
1744,더블유게임즈,8441.0,317,중+
1745,이노션,8440.0,318,중+
1746,하나투어,8388.0,319,중+
1747,솔루스첨단소재,8356.0,320,중+
72,바이오니아,8350.0,321,중+
1748,OCI,8344.0,322,중+
73,기가비스,8315.0,323,중+
74,고영,8273.0,324,중+
1749,롯데관광개발,8269.0,325,중+
1750,DI동일,8255.0,326,중+
1751,제이알글로벌리츠,8211.0,327,중+
1752,아시아나항공,8185.0,328,중+
75,인텔리안테크,8179.0,329,중+
1753,LG전자우,8172.0,330,중+
76,제이오,8147.0,331,중+
1754,KG스틸,8121.0,332,중+
1755,TIGER 200 IT,8106.0,333,중+
1756,KODEX 23-12 은행채(AA+이상)액티브,7988.0,334,중+
1757,넥센타이어,7970.0,335,중+
1758,NHN,7931.0,336,중+
1759,미원상사,7915.0,337,중+
1760,다우기술,7914.0,338,중+
1761,한국단자,7853.0,339,중+
77,엘앤씨바이오,7826.0,340,중+
1762,드림텍,7816.0,341,중+
1763,세아제강지주,7803.0,342,중+
78,하림지주,7784.0,343,중+
1764,롯데리츠,7775.0,344,중+
79,씨아이에스,7707.0,345,중+
1765,SK디스커버리,7682.0,346,중+
1766,KODEX 단기채권,7662.0,347,중+
80,아프리카TV,7656.0,348,중+
81,솔브레인홀딩스,7652.0,349,중+
1767,세방전지,7630.0,350,중+
1768,롯데손해보험,7572.0,351,중+
82,원텍,7539.0,352,중+
83,브이티,7518.0,353,중+
1769,ESR켄달스퀘어리츠,7511.0,354,중+
84,오스코텍,7506.0,355,중+
1770,KODEX 코스닥150,7498.0,356,중+
1771,동양생명,7358.0,357,중+
1772,비에이치,7324.0,358,중+
1773,TIGER 2차전지소재Fn,7318.0,359,중+
1774,대신증권,7306.0,360,중+
85,레이크머티리얼즈,7296.0,361,중+
86,이녹스첨단소재,7182.0,362,중+
1775,TIGER 단기통안채,7166.0,363,중+
1776,DN오토모티브,7126.0,364,중+
1777,녹십자홀딩스,7101.0,365,중+
87,원익QnC,7098.0,366,중+
88,코웰패션,7071.0,367,중+
1778,대상,7068.0,368,중+
89,성우하이텍,7048.0,369,중+
1779,경동나비엔,7037.0,370,중+
90,동국제약,6985.0,371,중+
1780,미원에스씨,6915.0,372,중+
91,에스피지,6908.0,373,중+
1781,JW중외제약,6896.0,374,중+
92,서진시스템,6873.0,375,중+
1782,태광산업,6847.0,376,중+
1783,CJ CGV,6844.0,377,중+
93,메가스터디교육,6806.0,378,중+
1784,신풍제약,6793.0,379,중+
94,안랩,6779.0,380,중+
1785,TIGER 단기채권액티브,6756.0,381,중+
95,펩트론,6704.0,382,중+
1786,보령,6670.0,383,중+
1787,KCC글라스,6652.0,384,중+
96,보로노이,6595.0,385,중+
97,넥스틴,6567.0,386,중+
1788,진에어,6462.0,387,중+
98,엠로,6436.0,388,중+
99,코오롱티슈진,6434.0,389,중+
1789,SNT모티브,6398.0,390,중+
1790,F&F홀딩스,6364.0,391,중+
1791,한국카본,6317.0,392,중+
100,컴투스,6311.0,393,중+
101,피에스케이홀딩스,6285.0,394,중+
102,아난티,6262.0,395,중+
1792,KODEX 자동차,6240.0,396,중+
1793,ACE 미국S&P500,6210.0,397,중+
1794,HSD엔진,6181.0,398,중+
103,네오위즈,6114.0,399,중+
1795,동원F&B,6107.0,400,중+
1796,KODEX 미국S&P500TR,6086.0,401,중+
104,큐렉소,6057.0,402,중+
1797,삼양홀딩스,6046.0,403,중+
1798,현대지에프홀딩스,6041.0,404,중+
1799,프레스티지바이오파마,6040.0,405,중+
1800,쿠쿠홀딩스,6035.0,406,중+
1801,동아쏘시오홀딩스,6000.0,407,중+
105,피에스케이,5996.0,408,중+
1802,신세계인터내셔날,5973.0,409,중+
1803,SK디앤디,5958.0,410,중+
1804,삼성화재우,5921.0,411,중+
1805,애경케미칼,5916.0,412,중+
1806,KOSEF 국고채10년,5907.0,413,중+
1807,KODEX 반도체,5838.0,414,중+
1808,한화투자증권,5836.0,415,중+
106,아이센스,5834.0,416,중+
1809,삼성 인버스 2X 천연가스 선물 ETN C,5808.0,417,중+
1810,TIGER 차이나항셍테크,5807.0,418,중+
1811,빙그레,5802.0,419,중+
107,서울반도체,5801.0,420,중+
108,젬백스,5799.0,421,중+
1812,QV 코스피 변동성 매칭형 양매도 ETN,5796.0,422,중+
109,골프존,5773.0,423,중+
1813,KODEX 인버스,5764.0,424,중+
1814,TIGER 24-10 회사채(A+이상)액티브,5739.0,425,중+
110,씨앤씨인터내셔널,5698.0,426,중+
1815,교보증권,5692.0,427,중+
111,코미코,5680.0,428,중+
1816,ARIRANG 200,5665.0,429,중+
112,프로텍,5665.0,430,중+
1817,TIGER Fn반도체TOP10,5663.0,431,중+
113,스마트솔루션즈,5630.0,432,중+
114,데브시스터즈,5574.0,433,중+
115,엔케이맥스,5564.0,434,중+
1818,화승엔터프라이즈,5544.0,435,중+
1819,SPC삼립,5531.0,436,중+
116,티에스이,5531.0,437,중+
1820,자화전자,5527.0,438,중+
1821,LX홀딩스,5515.0,439,중+
1822,신영증권,5491.0,440,중+
1823,신한알파리츠,5489.0,441,중+
1824,대한해운,5471.0,442,중+
1825,TIGER 미국달러단기채권액티브,5464.0,443,중+
1826,KOSEF 200TR,5458.0,444,중+
1827,삼성 레버리지 WTI원유 선물 ETN,5454.0,445,중+
1828,동국제강,5452.0,446,중+
1829,메리츠 KIS CD금리투자 ETN,5428.0,447,중+
117,하나기술,5427.0,448,중+
118,위지윅스튜디오,5388.0,449,중+
1830,KODEX 미국나스닥100TR,5383.0,450,중+
119,탑머티리얼,5381.0,451,중+
120,클리오,5367.0,452,중+
1831,NICE평가정보,5367.0,453,중+
121,실리콘투,5303.0,454,중+
1832,엠씨넥스,5294.0,455,중+
122,에스티아이,5271.0,456,중+
123,웹젠,5271.0,457,중+
124,네이처셀,5261.0,458,중+
1833,ARIRANG 국고채10년액티브,5256.0,459,중+
1834,유니드,5252.0,460,중+
1835,HANARO 200,5246.0,461,중+
125,유티아이,5228.0,462,중+
1836,KBSTAR 23-11 회사채(AA-이상)액티브,5217.0,463,중+
1837,애경산업,5184.0,464,중+
126,커넥트웨이브,5166.0,465,중+
127,지씨셀,5143.0,466,중+
1838,삼부토건,5137.0,467,중+
128,셀바스AI,5100.0,468,중+
1839,ACE 미국나스닥100,5088.0,469,중+
129,파트론,5073.0,470,중+
1840,현대홈쇼핑,5070.0,471,중+
1841,유안타증권,5060.0,472,중+
1842,미래에셋증권2우B,5054.0,473,중+
130,에프에스티,5026.0,474,중+
131,미래나노텍,5024.0,475,중+
1843,케이카,5020.0,476,중+
1844,KODEX MSCI Korea TR,5017.0,477,중+
132,인탑스,5014.0,478,중+
134,바텍,5006.0,479,중+
133,다원시스,5006.0,480,중+
135,아이티엠반도체,5002.0,481,중+
1845,케이씨텍,4996.0,482,중
136,툴젠,4989.0,483,중
1846,동아에스티,4988.0,484,중
1847,쿠쿠홈시스,4959.0,485,중
1848,신한 레버리지 WTI원유 선물 ETN(H),4950.0,486,중
1849,SK렌터카,4946.0,487,중
137,케이엠더블유,4898.0,488,중
1850,코람코라이프인프라리츠,4896.0,489,중
138,콜마비앤에이치,4884.0,490,중
139,티에프이,4877.0,491,중
1851,SNT다이내믹스,4855.0,492,중
140,비올,4847.0,493,중
1852,티웨이항공,4839.0,494,중
1853,고려제강,4830.0,495,중
141,가온칩스,4779.0,496,중
142,서부T&D,4777.0,497,중
143,다우데이타,4749.0,498,중
1854,TIGER 24-04 회사채(A+이상)액티브,4744.0,499,중
1855,한화손해보험,4740.0,500,중
1856,ACE 미국30년국채액티브(H),4692.0,501,중
1857,한섬,4687.0,502,중
1858,SBS,4682.0,503,중
1859,ACE 종합채권(AA-이상)KIS액티브,4670.0,504,중
144,휴온스,4666.0,505,중
1860,NICE,4648.0,506,중
1861,쏘카,4636.0,507,중
145,우리기술투자,4595.0,508,중
1862,일동제약,4586.0,509,중
1863,KODEX 미국FANG플러스(H),4575.0,510,중
1864,삼양사,4574.0,511,중
146,신라젠,4572.0,512,중
1865,일진전기,4561.0,513,중
1866,ACE 200,4560.0,514,중
147,강원에너지,4558.0,515,중
1867,KG케미칼,4553.0,516,중
1868,KBSTAR 단기통안채,4547.0,517,중
1869,서연이화,4508.0,518,중
148,이오플로우,4462.0,519,중
149,인텍플러스,4454.0,520,중
1870,TIGER 25-10 회사채(A+이상)액티브,4388.0,521,중
1871,롯데정보통신,4365.0,522,중
150,뷰노,4341.0,523,중
151,에이직랜드,4292.0,524,중
152,제우스,4291.0,525,중
153,유진로봇,4284.0,526,중
1872,송원산업,4282.0,527,중
1873,부광약품,4278.0,528,중
1874,한국자산신탁,4271.0,529,중
1875,바이오노트,4240.0,530,중
154,지아이이노베이션,4231.0,531,중
155,월덱스,4227.0,532,중
156,RFHIC,4222.0,533,중
157,테스,4201.0,534,중
158,동운아나텍,4198.0,535,중
159,에스티큐브,4188.0,536,중
1876,엘브이엠씨홀딩스,4187.0,537,중
1877,세아홀딩스,4184.0,538,중
160,KG ETS,4162.0,539,중
161,네패스,4160.0,540,중
1878,SOL 종합채권(AA-이상)액티브,4149.0,541,중
162,디아이티,4149.0,542,중
1879,아세아시멘트,4145.0,543,중
163,제넥신,4143.0,544,중
164,케이아이엔엑스,4133.0,545,중
1880,신영증권우,4119.0,546,중
1881,흥아해운,4118.0,547,중
165,코스메카코리아,4112.0,548,중
1882,KODEX 코스닥150선물인버스,4110.0,549,중
1883,QV KIS CD금리투자 ETN,4096.0,550,중
1884,SGC에너지,4085.0,551,중
166,필에너지,4064.0,552,중
1885,HDC,4062.0,553,중
1886,신성이엔지,4055.0,554,중
1887,풀무원,4048.0,555,중
1888,유나이티드제약,4045.0,556,중
167,마녀공장,4045.0,557,중
1889,영진약품,4042.0,558,중
168,바디텍메드,4033.0,559,중
1890,화신,4019.0,560,중
1891,현대그린푸드,4012.0,561,중
1892,E1,3999.0,562,중
1893,삼성SDI우,3996.0,563,중
1894,LF,3991.0,564,중
169,텔레칩스,3990.0,565,중
170,태광,3970.0,566,중
1895,파미셀,3955.0,567,중
1896,KBSTAR KIS국고채30년Enhanced,3952.0,568,중
171,코미팜,3947.0,569,중
1897,삼천리,3946.0,570,중
172,코난테크놀로지,3945.0,571,중
173,현대무벡스,3938.0,572,중
174,인터로조,3912.0,573,중
1898,삼성FN리츠,3911.0,574,중
1899,아모레퍼시픽우,3906.0,575,중
175,티로보틱스,3901.0,576,중
176,위메이드맥스,3899.0,577,중
1900,LX하우시스,3887.0,578,중
177,지노믹트리,3883.0,579,중
178,큐로셀,3873.0,580,중
179,제이엘케이,3856.0,581,중
1901,유진투자증권,3855.0,582,중
1902,삼화콘덴서,3815.0,583,중
180,바이오플러스,3812.0,584,중
181,오픈엣지테크놀로지,3809.0,585,중
182,모트렉스,3809.0,586,중
1903,맵스리얼티1,3806.0,587,중
183,켐트로닉스,3800.0,588,중
1904,KB스타리츠,3742.0,589,중
1905,ARIRANG 국고채30년액티브,3723.0,590,중
184,레이,3721.0,591,중
185,티이엠씨,3719.0,592,중
186,동성화인텍,3719.0,593,중
1906,광동제약,3706.0,594,중
187,디이엔티,3691.0,595,중
188,KH바텍,3682.0,596,중
1907,남해화학,3681.0,597,중
189,HLB제약,3677.0,598,중
1908,STX,3660.0,599,중
190,엘오티베큠,3660.0,600,중
191,에이피티씨,3659.0,601,중
192,테크윙,3657.0,602,중
194,휴메딕스,3655.0,603,중
193,인선이엔티,3655.0,604,중
195,넵튠,3631.0,605,중
1909,코리아써키트,3630.0,606,중
1910,세아제강,3630.0,607,중
1911,한화리츠,3629.0,608,중
1912,국도화학,3618.0,609,중
196,코엔텍,3600.0,610,중
1913,KODEX 단기변동금리부채권액티브,3594.0,611,중
1914,한일홀딩스,3574.0,612,중
197,한국기업평가,3569.0,613,중
1915,지누스,3565.0,614,중
1916,대신증권우,3565.0,615,중
198,성광벤드,3564.0,616,중
1917,대원제약,3558.0,617,중
1918,대동,3549.0,618,중
1919,남양유업,3546.0,619,중
1920,현대퓨처넷,3543.0,620,중
199,쏠리드,3539.0,621,중
1921,아세아제지,3538.0,622,중
200,뉴로메카,3536.0,623,중
201,매일유업,3530.0,624,중
1922,KODEX 은행,3520.0,625,중
1923,에어부산,3517.0,626,중
1924,LS전선아시아,3516.0,627,중
202,삼표시멘트,3513.0,628,중
1925,효성화학,3504.0,629,중
203,제룡전기,3502.0,630,중
1926,백광산업,3499.0,631,중
204,NHN KCP,3494.0,632,중
1927,아세아,3488.0,633,중
1928,KISCO홀딩스,3486.0,634,중
205,비츠로셀,3483.0,635,중
206,카페24,3465.0,636,중
1929,퍼시스,3456.0,637,중
207,한글과컴퓨터,3443.0,638,중
208,원익머트리얼즈,3429.0,639,중
1930,DB,3428.0,640,중
209,감성코퍼레이션,3428.0,641,중
1931,TIGER 글로벌리튬&2차전지SOLACTIVE(합성),3423.0,642,중
210,티앤엘,3422.0,643,중
1932,BGF,3417.0,644,중
1933,풍산홀딩스,3404.0,645,중
1934,이아이디,3393.0,646,중
211,비즈니스온,3379.0,647,중
212,하이록코리아,3355.0,648,중
1935,HL홀딩스,3351.0,649,중
1936,신도리코,3347.0,650,중
213,한국정보통신,3340.0,651,중
214,덕산테코피아,3337.0,652,중
215,로보티즈,3332.0,653,중
216,덕산하이메탈,3331.0,654,중
217,신흥에스이씨,3328.0,655,중
218,디오,3327.0,656,중
219,유바이오로직스,3325.0,657,중
1937,대원강업,3323.0,658,중
220,에이디테크놀로지,3323.0,659,중
221,엑세스바이오,3319.0,660,중
1938,조광피혁,3295.0,661,중
1939,TIGER 중장기국채,3289.0,662,중
1940,KODEX 국고채3년,3287.0,663,중
222,인바디,3284.0,664,중
1941,KODEX ESG종합채권(A-이상)액티브,3283.0,665,중
1942,KODEX 미국달러SOFR금리액티브(합성),3281.0,666,중
1943,HJ중공업,3277.0,667,중
1944,TIGER 글로벌자율주행&전기차SOLACTIVE,3268.0,668,중
1945,KODEX 23-12 국고채액티브,3261.0,669,중
1946,KODEX 코스피,3258.0,670,중
223,펌텍코리아,3255.0,671,중
1947,한진,3236.0,672,중
224,태웅,3233.0,673,중
1948,SOL 미국배당다우존스,3231.0,674,중
225,새로닉스,3230.0,675,중
226,시노펙스,3229.0,676,중
227,이엔에프테크놀로지,3222.0,677,중
228,솔트룩스,3218.0,678,중
229,박셀바이오,3212.0,679,중
1949,이리츠코크렙,3211.0,680,중
1950,KOSEF 200,3200.0,681,중
230,상아프론테크,3196.0,682,중
1951,대한제강,3194.0,683,중
1952,LS네트웍스,3188.0,684,중
1953,LG생활건강우,3187.0,685,중
231,KG이니시스,3181.0,686,중
1954,삼성 인버스 2X 코스닥150 선물 ETN,3178.0,687,중
232,디알텍,3167.0,688,중
233,넥스트칩,3164.0,689,중
1955,포스코스틸리온,3162.0,690,중
234,서희건설,3155.0,691,중
1956,미래에셋 레버리지 원유선물혼합 ETN(H),3151.0,692,중
235,에코마케팅,3143.0,693,중
1957,서흥,3141.0,694,중
236,모두투어,3141.0,695,중
1958,한국쉘석유,3126.0,696,중
1959,한화3우B,3124.0,697,중
237,새빗켐,3092.0,698,중
1960,삼진제약,3086.0,699,중
1961,TIGER 리츠부동산인프라,3085.0,700,중
1962,한일현대시멘트,3073.0,701,중
1963,한투 KIS CD금리투자 ETN,3072.0,702,중
239,제테마,3065.0,703,중
238,제이브이엠,3065.0,704,중
1964,서울가스,3060.0,705,중
240,코오롱생명과학,3059.0,706,중
241,하림,3043.0,707,중
1965,한국토지신탁,3035.0,708,중
242,코윈테크,3032.0,709,중
1966,이수화학,3029.0,710,중
243,동원개발,3028.0,711,중
244,AP시스템,3026.0,712,중
245,HB솔루션,3024.0,713,중
1967,농심홀딩스,3015.0,714,중
246,CMG제약,3014.0,715,중
247,프레스티지바이오로직스,3003.0,716,중
1968,조선내화,2999.0,717,중
248,바이오다인,2999.0,718,중
249,와이아이케이,2986.0,719,중
250,미코,2984.0,720,중
251,미래반도체,2967.0,721,중
252,LB세미콘,2964.0,722,중
1969,이엔플러스,2963.0,723,중
1970,SOL 반도체소부장Fn,2963.0,724,중
253,파인엠텍,2960.0,725,중
254,톱텍,2958.0,726,중
1971,CJ4우(전환),2954.0,727,중
255,에이스침대,2950.0,728,중
1972,ACE 국고채10년,2950.0,729,중
1973,SK증권,2944.0,730,중
1974,TIGER KRX2차전지K-뉴딜,2943.0,731,중
1975,웅진씽크빅,2934.0,732,중
256,국전약품,2934.0,733,중
257,퓨런티어,2933.0,734,중
1976,DL건설,2929.0,735,중
258,디앤씨미디어,2928.0,736,중
259,하이비젼시스템,2923.0,737,중
1977,동국홀딩스,2922.0,738,중
260,슈어소프트테크,2910.0,739,중
1978,KBSTAR 비메모리반도체액티브,2888.0,740,중
1979,KEC,2887.0,741,중
261,알멕,2883.0,742,중
262,뷰웍스,2876.0,743,중
1980,신성통상,2870.0,744,중
1981,KODEX 미국채울트라30년선물(H),2865.0,745,중
1982,KODEX 선진국MSCI World,2860.0,746,중
1983,코오롱플라스틱,2854.0,747,중
263,랩지노믹스,2847.0,748,중
1984,KODEX 국고채30년액티브,2840.0,749,중
1985,KODEX Fn Top10동일가중,2837.0,750,중
1986,TIGER 미국배당다우존스,2835.0,751,중
1987,이연제약,2833.0,752,중
1988,스카이라이프,2831.0,753,중
264,CJ프레시웨이,2831.0,754,중
266,나노팀,2820.0,755,중
265,석경에이티,2820.0,756,중
1989,모토닉,2812.0,757,중
267,싸이토젠,2810.0,758,중
1990,TIGER 미국S&P500선물(H),2809.0,759,중
1991,티와이홀딩스,2809.0,760,중
1993,알루코,2806.0,761,중
1992,SNT홀딩스,2806.0,762,중
268,에스에이엠티,2805.0,763,중
1994,일양약품,2800.0,764,중
269,다날,2799.0,765,중
270,휴온스글로벌,2796.0,766,중
271,케이엔솔,2795.0,767,중
272,토비스,2790.0,768,중
273,유진기업,2787.0,769,중
274,글로벌텍스프리,2783.0,770,중
1995,일성신약,2780.0,771,중
1996,종근당홀딩스,2770.0,772,중
1997,KBSTAR 미국나스닥100,2770.0,773,중
275,에치에프알,2758.0,774,중
1998,도화엔지니어링,2755.0,775,중
1999,휴스틸,2748.0,776,중
2000,잇츠한불,2746.0,777,중
2001,대한제당,2736.0,778,중
2002,현대차증권,2734.0,779,중
2003,수산인더스트리,2731.0,780,중
276,휴마시스,2730.0,781,중
2004,아이마켓코리아,2728.0,782,중
277,더네이쳐홀딩스,2727.0,783,중
2005,STX중공업,2727.0,784,중
2006,환인제약,2725.0,785,중
2007,한국철강,2721.0,786,중
278,한양이엔지,2720.0,787,중
279,YTN,2717.0,788,중
281,잉글우드랩,2714.0,789,중
282,하이드로리튬,2714.0,790,중
280,아나패스,2714.0,791,중
283,샘씨엔에스,2713.0,792,중
284,대명에너지,2711.0,793,중
2008,HD현대에너지솔루션,2710.0,794,중
285,엠케이전자,2710.0,795,중
286,원익피앤이,2709.0,796,중
2011,사조대림,2704.0,797,중
2010,조일알미늄,2704.0,798,중
2009,지역난방공사,2704.0,799,중
2012,제주은행,2702.0,800,중
288,씨에스베어링,2700.0,801,중
287,한솔아이원스,2700.0,802,중
2013,YG PLUS,2699.0,803,중
2014,남선알미늄,2698.0,804,중
289,케이알엠,2693.0,805,중
290,케이티알파,2691.0,806,중
2015,콘텐트리중앙,2685.0,807,중
2016,동화약품,2681.0,808,중
291,로보스타,2681.0,809,중
292,LS마린솔루션,2679.0,810,중
293,딥노이드,2672.0,811,중
2017,STX엔진,2669.0,812,중
294,노바텍,2665.0,813,중
2018,LG헬로비전,2656.0,814,중
295,디엔에프,2650.0,815,중
296,원익홀딩스,2645.0,816,중
298,HLB테라퓨틱스,2643.0,817,중
297,미래에셋벤처투자,2643.0,818,중
299,원준,2639.0,819,중
300,아주IB투자,2622.0,820,중
301,비나텍,2617.0,821,중
2019,BYC,2608.0,822,중
302,해성산업,2605.0,823,중
303,비씨엔씨,2597.0,824,중
2020,진원생명과학,2594.0,825,중
304,쎄트렉아이,2585.0,826,중
2021,다올투자증권,2583.0,827,중
305,유니테스트,2578.0,828,중
306,미래컴퍼니,2575.0,829,중
307,네패스아크,2571.0,830,중
2022,스틱인베스트먼트,2567.0,831,중
2023,현대차3우B,2563.0,832,중
308,비덴트,2563.0,833,중
309,스톰테크,2561.0,834,중
310,동국산업,2560.0,835,중
311,바이넥스,2557.0,836,중
312,삼목에스폼,2546.0,837,중
2024,에이프로젠,2545.0,838,중
313,갤럭시아머니트리,2542.0,839,중
314,티엘비,2542.0,840,중
315,파워로직스,2538.0,841,중
316,예스티,2533.0,842,중
2025,락앤락,2530.0,843,중
317,폴라리스오피스,2526.0,844,중
2026,한국금융지주우,2525.0,845,중
318,유비쿼스홀딩스,2524.0,846,중
320,컨텍,2522.0,847,중
319,휴림로봇,2522.0,848,중
2027,JW홀딩스,2516.0,849,중
2028,세진중공업,2513.0,850,중
321,한국알콜,2495.0,851,중
2030,대상홀딩스,2491.0,852,중
2029,삼양패키징,2491.0,853,중
2031,현대코퍼레이션,2487.0,854,중
2032,케이씨,2483.0,855,중
2033,한솔제지,2482.0,856,중
2034,TIGER 반도체,2473.0,857,중
2035,광주신세계,2463.0,858,중
2036,롯데하이마트,2462.0,859,중
2037,하나제약,2460.0,860,중
322,이트론,2456.0,861,중
324,KX,2453.0,862,중
323,유니셈,2453.0,863,중
325,셀리버리,2449.0,864,중
326,상상인,2432.0,865,중
327,에코앤드림,2431.0,866,중
2038,제이에스코퍼레이션,2431.0,867,중
328,에이프릴바이오,2431.0,868,중
329,선익시스템,2429.0,869,중
330,인터플렉스,2428.0,870,중
331,코나아이,2422.0,871,중
332,엠에스오토텍,2420.0,872,중
333,인트론바이오,2418.0,873,중
2039,한미글로벌,2416.0,874,중
334,에스와이,2406.0,875,중
335,대아티아이,2400.0,876,중
2040,동양,2394.0,877,중
2041,한전산업,2393.0,878,중
336,네오위즈홀딩스,2387.0,879,중
337,아이쓰리시스템,2384.0,880,중
2042,AK홀딩스,2382.0,881,중
338,나스미디어,2371.0,882,중
339,아미코젠,2371.0,883,중
340,유비케어,2370.0,884,중
2043,SIMPAC,2369.0,885,중
341,한국파마,2367.0,886,중
2044,KBSTAR 200TR,2363.0,887,중
342,이랜텍,2362.0,888,중
343,노을,2361.0,889,중
2045,한국콜마홀딩스,2361.0,890,중
344,에스비비테크,2353.0,891,중
2046,KBSTAR 미국S&P500,2351.0,892,중
2047,경농,2349.0,893,중
2048,TYM,2347.0,894,중
345,한국비엔씨,2346.0,895,중
346,상신이디피,2341.0,896,중
2049,경방,2330.0,897,중
2050,KBSTAR Fn수소경제테마,2329.0,898,중
2051,제일약품,2322.0,899,중
2052,삼영무역,2318.0,900,중
2053,코오롱글로벌,2317.0,901,중
2054,넥스틸,2309.0,902,중
347,양지사,2309.0,903,중
348,BGF에코머티리얼즈,2307.0,904,중
349,하이딥,2305.0,905,중
350,뉴파워프라즈마,2303.0,906,중
2055,KODEX 삼성그룹밸류,2303.0,907,중
2056,부국증권,2302.0,908,중
351,부방,2300.0,909,중
2057,신대양제지,2297.0,910,중
352,대보마그네틱,2294.0,911,중
354,마크로젠,2293.0,912,중
353,아이디스,2293.0,913,중
356,포인트모바일,2292.0,914,중
355,필옵틱스,2292.0,915,중
357,피엔에이치테크,2269.0,916,중
358,자이언트스텝,2259.0,917,중
359,시너지이노베이션,2254.0,918,중
2058,이지스밸류리츠,2251.0,919,중
360,이녹스,2248.0,920,중
361,올릭스,2246.0,921,중
362,진성티이씨,2241.0,922,중
363,컴투스홀딩스,2239.0,923,중
364,인트로메딕,2237.0,924,중
2059,넥센,2235.0,925,중
365,엠아이텍,2233.0,926,중
2060,대성에너지,2233.0,927,중
2061,세방,2232.0,928,중
366,HB테크놀러지,2230.0,929,중
2062,KBSTAR ESG사회책임투자,2214.0,930,중
2063,KIB플러그에너지,2213.0,931,중
367,라온텍,2209.0,932,중
2064,삼익THK,2207.0,933,중
2065,현대비앤지스틸,2206.0,934,중
368,GST,2204.0,935,중
369,디와이피엔에프,2202.0,936,중
370,비에이치아이,2200.0,937,중
2067,KODEX 25-11 회사채(A+이상)액티브,2198.0,938,중
2066,한국제지,2198.0,939,중
371,파세코,2188.0,940,중
2068,KPX홀딩스,2188.0,941,중
2069,TIGER 헬스케어,2187.0,942,중
2070,대한제분,2182.0,943,중
372,아이패밀리에스씨,2180.0,944,중
373,나무가,2179.0,945,중
2072,ACE 베트남VN30(합성),2177.0,946,중
2071,TIGER 23-12 국공채액티브,2177.0,947,중
2073,KPX케미칼,2173.0,948,중
374,이베스트투자증권,2169.0,949,중
2074,대덕,2169.0,950,중
2075,동성케미컬,2166.0,951,중
375,아바텍,2166.0,952,중
376,코어라인소프트,2164.0,953,중
377,아바코,2161.0,954,중
378,씨티씨바이오,2159.0,955,중
2076,동국씨엠,2147.0,956,중
379,AP위성,2146.0,957,중
2077,코오롱,2146.0,958,중
2078,백산,2144.0,959,중
380,리튬포어스,2139.0,960,중
2079,일신방직,2139.0,961,중
2080,에스엠벡셀,2133.0,962,중
2081,한화갤러리아,2131.0,963,중
382,아비코전자,2126.0,964,중
381,CG인바이츠,2126.0,965,중
2082,TIGER 미국배당+7%프리미엄다우존스,2123.0,966,중
383,스마트레이더시스템,2123.0,967,중
2083,TIGER 미국나스닥100커버드콜(합성),2122.0,968,중
2084,TIGER 차이나CSI300,2121.0,969,중
2085,예스코홀딩스,2112.0,970,중
2086,한솔테크닉스,2110.0,971,중
384,이수앱지스,2108.0,972,중
2087,성신양회,2103.0,973,중
2088,SOL 200TR,2099.0,974,중
2089,신세계 I&C,2098.0,975,중
2090,에이프로젠바이오로직스,2097.0,976,중
385,이브이첨단소재,2095.0,977,중
2091,하이트진로홀딩스,2093.0,978,중
386,큐리옥스바이오시스템즈,2087.0,979,중
387,우리기술,2079.0,980,중
2092,신한서부티엔디리츠,2079.0,981,중
2093,디아이씨,2077.0,982,중
388,나이스정보통신,2075.0,983,중
2094,GS글로벌,2072.0,984,중
389,한스바이오메드,2070.0,985,중
2095,두산우,2070.0,986,중
390,노바렉스,2069.0,987,중
2096,SOL 2차전지소부장Fn,2067.0,988,중
391,피에이치씨,2067.0,989,중
392,HLB바이오스텝,2063.0,990,중
2097,에이블씨엔씨,2058.0,991,중
393,큐브엔터,2054.0,992,중
394,모다이노칩,2053.0,993,중
395,사람인,2052.0,994,중
396,오파스넷,2052.0,995,중
2098,대교,2050.0,996,중
397,좋은사람들,2046.0,997,중
2099,TIGER 종합채권(AA-이상)액티브,2044.0,998,중
399,한국전자금융,2042.0,999,중
398,보광산업,2042.0,1000,중
400,쇼박스,2039.0,1001,중
401,한양디지텍,2038.0,1002,중
2100,TIGER 일본니케이225,2037.0,1003,중
403,알서포트,2035.0,1004,중
402,피에이치에이,2035.0,1005,중
404,아모그린텍,2034.0,1006,중
2101,경보제약,2027.0,1007,중
405,쿠콘,2024.0,1008,중
406,KG모빌리언스,2019.0,1009,중
2102,KBSTAR 단기종합채권(AA-이상)액티브,2018.0,1010,중
407,퀄리타스반도체,2016.0,1011,중
2103,금호건설,2014.0,1012,중
408,경동제약,2012.0,1013,중
2105,벽산,2012.0,1014,중
2104,디앤디플랫폼리츠,2012.0,1015,중
409,신성에스티,2011.0,1016,중
2106,JW생명과학,2011.0,1017,중
410,칩스앤미디어,2010.0,1018,중
411,비츠로테크,2007.0,1019,중
2107,자이에스앤디,2005.0,1020,중
2108,NPC,2001.0,1021,중
2109,한세예스24홀딩스,1998.0,1022,중
2110,화승인더,1994.0,1023,중
2111,한국무브넥스,1991.0,1024,중
2112,S-Oil우,1985.0,1025,중
412,크리스에프앤씨,1978.0,1026,중
2113,노루페인트,1978.0,1027,중
413,영풍정밀,1975.0,1028,중
2114,ARIRANG 고배당주,1974.0,1029,중
2115,태경산업,1973.0,1030,중
2116,사조산업,1972.0,1031,중
414,대화제약,1964.0,1032,중
2117,무림P&P,1961.0,1033,중
415,JTC,1961.0,1034,중
2118,미원홀딩스,1960.0,1035,중
2119,만호제강,1957.0,1036,중
416,덱스터,1952.0,1037,중
417,유일로보틱스,1948.0,1038,중
418,와이솔,1945.0,1039,중
2120,일진다이아,1943.0,1040,중
2121,CR홀딩스,1942.0,1041,중
419,크레버스,1942.0,1042,중
420,에이프로,1936.0,1043,중
2122,KSS해운,1935.0,1044,중
421,퓨쳐켐,1934.0,1045,중
422,한국정보인증,1932.0,1046,중
423,코아스템켐온,1926.0,1047,중
2123,HDC랩스,1926.0,1048,중
424,슈피겐코리아,1924.0,1049,중
2124,동아지질,1922.0,1050,중
2125,흥국화재,1921.0,1051,중
425,오로스테크놀로지,1920.0,1052,중
426,네오팜,1916.0,1053,중
2127,ACE 테슬라밸류체인액티브,1911.0,1054,중
2126,KODEX 미국S&P500(H),1911.0,1055,중
427,조이시티,1907.0,1056,중
428,티앤알바이오팹,1905.0,1057,중
2128,코람코더원리츠,1905.0,1058,중
2129,금호석유우,1905.0,1059,중
2131,서연,1902.0,1060,중
429,지놈앤컴퍼니,1902.0,1061,중
2130,일진홀딩스,1902.0,1062,중
431,헬릭스미스,1899.0,1063,중
430,가비아,1899.0,1064,중
2132,삼성전기우,1887.0,1065,중
433,멀티캠퍼스,1885.0,1066,중
432,셀바스헬스케어,1885.0,1067,중
2134,AJ네트웍스,1885.0,1068,중
2133,LG우,1885.0,1069,중
2135,TIGER 미국달러SOFR금리액티브(합성),1883.0,1070,중
434,앱클론,1881.0,1071,중
436,티에스아이,1877.0,1072,중
435,SAMG엔터,1877.0,1073,중
437,이지홀딩스,1876.0,1074,중
2136,KODEX 미국나스닥100레버리지(합성 H),1870.0,1075,중
2137,신한 인버스0.5X S&P500 VIX S/T선물 ETN,1866.0,1076,중
438,에코플라스틱,1866.0,1077,중
439,퓨릿,1865.0,1078,중
2138,NH투자증권우,1863.0,1079,중
440,이노와이어리스,1863.0,1080,중
2139,아시아나IDT,1859.0,1081,중
441,마음AI,1855.0,1082,중
2140,ARIRANG 종합채권(AA-이상)액티브,1855.0,1083,중
2141,삼영,1850.0,1084,중
442,GRT,1849.0,1085,중
2142,태경비케이,1848.0,1086,중
2143,교촌에프앤비,1846.0,1087,중
443,압타바이오,1844.0,1088,중
2144,ARIRANG 코스피TR,1841.0,1089,중
2145,이월드,1836.0,1090,중
444,알체라,1836.0,1091,중
446,엘아이에스,1831.0,1092,중
445,지앤비에스 에코,1831.0,1093,중
2146,한농화성,1826.0,1094,중
2147,KODEX 차이나항셍테크,1826.0,1095,중
2148,코오롱모빌리티그룹,1824.0,1096,중
447,코세스,1823.0,1097,중
448,이화전기,1816.0,1098,중
449,한국캐피탈,1815.0,1099,중
450,에이비프로바이오,1814.0,1100,중
451,팅크웨어,1810.0,1101,중
452,코아시아,1805.0,1102,중
453,팜스토리,1803.0,1103,중
454,휴비츠,1802.0,1104,중
455,지니뮤직,1802.0,1105,중
456,제주반도체,1801.0,1106,중
2149,진양홀딩스,1800.0,1107,중
457,위닉스,1794.0,1108,중
2150,아주스틸,1793.0,1109,중
458,헥토이노베이션,1790.0,1110,중
2151,한독,1786.0,1111,중
459,한일사료,1785.0,1112,중
2152,KOSEF 인도Nifty50(합성),1780.0,1113,중
460,DXVX,1780.0,1114,중
2153,삼화페인트,1779.0,1115,중
2154,진흥기업,1763.0,1116,중
461,세경하이테크,1763.0,1117,중
462,오리콤,1762.0,1118,중
2155,우진,1762.0,1119,중
2156,CJ제일제당 우,1759.0,1120,중
2157,대창단조,1751.0,1121,중
2159,HANARO MSCI Korea TR,1748.0,1122,중
2158,TIGER 국고채30년스트립액티브,1748.0,1123,중
463,동국S&C,1743.0,1124,중
464,드림어스컴퍼니,1740.0,1125,중
2160,디아이,1738.0,1126,중
465,SM C&C,1730.0,1127,중
466,모비스,1728.0,1128,중
467,와이지-원,1724.0,1129,중
468,라파스,1716.0,1130,중
2161,TIGER KRX BBIG K-뉴딜,1712.0,1131,중
2162,KODEX 골드선물(H),1712.0,1132,중
469,나이벡,1709.0,1133,중
2163,키다리스튜디오,1702.0,1134,중
470,에이엘티,1701.0,1135,중
472,드림시큐리티,1700.0,1136,중
471,세토피아,1700.0,1137,중
2164,NI스틸,1699.0,1138,중
473,와이엠티,1698.0,1139,중
474,네오셈,1697.0,1140,중
475,골프존뉴딘홀딩스,1696.0,1141,중
476,디지털대성,1695.0,1142,중
2165,ARIRANG KOFR금리,1693.0,1143,중
2166,KBSTAR IT플러스,1693.0,1144,중
477,홈캐스트,1692.0,1145,중
478,이크레더블,1691.0,1146,중
2167,선진,1688.0,1147,중
2168,극동유화,1688.0,1148,중
480,윈스,1687.0,1149,중
479,연우,1687.0,1150,중
2169,DB금융투자,1679.0,1151,중
2170,유니켐,1677.0,1152,중
2171,금강공업,1675.0,1153,중
2172,경동인베스트,1672.0,1154,중
481,대한약품,1671.0,1155,중
482,엘앤케이바이오,1669.0,1156,중
483,싸이맥스,1666.0,1157,중
484,티움바이오,1665.0,1158,중
2173,그린케미칼,1663.0,1159,중
485,신테카바이오,1662.0,1160,중
2174,ACE 미국배당다우존스,1662.0,1161,중
486,그래디언트,1659.0,1162,중
2175,동아타이어,1658.0,1163,중
487,스맥,1657.0,1164,중
2176,태림포장,1657.0,1165,중
488,애니플러스,1656.0,1166,중
489,율호,1652.0,1167,중
490,홈센타홀딩스,1651.0,1168,중
2177,KOSEF 단기자금,1649.0,1169,중
491,서울옥션,1642.0,1170,중
495,삼기이브이,1642.0,1171,중
493,고바이오랩,1642.0,1172,중
492,일진파워,1642.0,1173,중
2178,동성제약,1642.0,1174,중
494,크리스탈신소재,1642.0,1175,중
2179,KODEX 장기종합채권(AA-이상)액티브KAP,1639.0,1176,중
497,도이치모터스,1638.0,1177,중
496,메디아나,1638.0,1178,중
498,와이엠텍,1636.0,1179,중
2180,히어로즈 24-09 회사채(AA-이상)액티브,1631.0,1180,중
2182,대성홀딩스,1630.0,1181,중
2181,삼영전자,1630.0,1182,중
499,아진산업,1626.0,1183,중
2183,현대리바트,1616.0,1184,중
500,동양이엔피,1615.0,1185,중
501,에이치피오,1613.0,1186,중
2184,노루홀딩스,1612.0,1187,중
2185,SNT에너지,1610.0,1188,중
502,메드팩토,1608.0,1189,중
2186,퍼스텍,1605.0,1190,중
503,테라사이언스,1600.0,1191,중
504,아이텍,1599.0,1192,중
2187,삼성제약,1598.0,1193,중
505,DMS,1597.0,1194,중
2188,한투 인버스 2X 코스닥150선물 ETN,1595.0,1195,중
506,티케이케미칼,1593.0,1196,중
2189,제일파마홀딩스,1593.0,1197,중
507,금화피에스시,1593.0,1198,중
2190,대성산업,1592.0,1199,중
508,이스트소프트,1589.0,1200,중
509,동구바이오제약,1588.0,1201,중
510,씨씨에스,1588.0,1202,중
511,아이씨디,1588.0,1203,중
2191,키움 INDXX 미국테크탑10 ETN,1586.0,1204,중
512,에스코넥,1586.0,1205,중
513,큐알티,1579.0,1206,중
514,켐트로스,1578.0,1207,중
516,매커스,1573.0,1208,중
2192,한국주철관,1573.0,1209,중
515,지오엘리먼트,1573.0,1210,중
2193,삼성 인버스 2X WTI원유 선물 ETN,1572.0,1211,중
2194,KODEX K-메타버스액티브,1567.0,1212,중
517,HLB이노베이션,1566.0,1213,중
518,켄코아에어로스페이스,1565.0,1214,중
2195,무학,1562.0,1215,중
519,자람테크놀로지,1559.0,1216,중
520,밀리의서재,1556.0,1217,중
2196,디와이,1555.0,1218,중
521,네오이뮨텍,1554.0,1219,중
522,비보존 제약,1552.0,1220,중
2197,세종공업,1552.0,1221,중
2198,경인양행,1550.0,1222,중
524,엠플러스,1549.0,1223,중
2199,유수홀딩스,1549.0,1224,중
523,에스와이스틸텍,1549.0,1225,중
525,유비쿼스,1547.0,1226,중
526,범한퓨얼셀,1545.0,1227,중
527,디케이티,1542.0,1228,중
2201,삼성출판사,1540.0,1229,중
2200,해태제과식품,1540.0,1230,중
528,엑셈,1536.0,1231,중
529,레이언스,1536.0,1232,중
2202,신세계푸드,1535.0,1233,중
530,소룩스,1533.0,1234,중
2203,HLB글로벌,1530.0,1235,중
532,LB루셈,1528.0,1236,중
531,금양그린파워,1528.0,1237,중
533,워트,1527.0,1238,중
534,브이원텍,1526.0,1239,중
535,리드코프,1521.0,1240,중
536,유니슨,1521.0,1241,중
2204,HDC현대EP,1520.0,1242,중
2205,우신시스템,1518.0,1243,중
2206,ACE 단기통안채,1518.0,1244,중
538,지투파워,1510.0,1245,중
537,메디포스트,1510.0,1246,중
2207,컨버즈,1509.0,1247,중
2208,TIGER 글로벌4차산업혁신기술(합성 H),1508.0,1248,중
539,피씨엘,1505.0,1249,중
541,녹원씨엔아이,1504.0,1250,중
540,리파인,1504.0,1251,중
543,펨트론,1503.0,1252,중
542,제이씨케미칼,1503.0,1253,중
2209,태경케미컬,1495.0,1254,소+
2210,신한 블룸버그 -2X 천연가스 선물 ETN(H),1494.0,1255,소+
2211,휴비스,1492.0,1256,소+
2212,KB 블룸버그 인버스2X 천연가스선물 ETN(H),1488.0,1257,소+
545,이루다,1486.0,1258,소+
544,청담글로벌,1486.0,1259,소+
2214,KBSTAR 25-11 회사채(AA-이상)액티브,1485.0,1260,소+
2213,미래에셋 S&P -2X 천연가스 선물 ETN(H),1485.0,1261,소+
547,에브리봇,1484.0,1262,소+
546,대원미디어,1484.0,1263,소+
548,현대바이오랜드,1484.0,1264,소+
2215,한국공항,1482.0,1265,소+
549,다산네트웍스,1479.0,1266,소+
2216,TIGER 글로벌메타버스액티브,1479.0,1267,소+
2217,NH올원리츠,1479.0,1268,소+
2218,미원화학,1478.0,1269,소+
550,모베이스전자,1472.0,1270,소+
551,케이엔제이,1471.0,1271,소+
2219,태영건설,1468.0,1272,소+
552,고스트스튜디오,1467.0,1273,소+
553,슈프리마,1464.0,1274,소+
554,삼보판지,1463.0,1275,소+
555,세종텔레콤,1463.0,1276,소+
2220,한신기계,1462.0,1277,소+
556,인카금융서비스,1461.0,1278,소+
557,KNN,1461.0,1279,소+
2221,한투 레버리지 나스닥 100 ETN,1461.0,1280,소+
558,어보브반도체,1458.0,1281,소+
2222,영풍제지,1457.0,1282,소+
2223,TIGER 일본엔선물,1456.0,1283,소+
559,제이스텍,1456.0,1284,소+
2225,용평리조트,1454.0,1285,소+
2224,페이퍼코리아,1454.0,1286,소+
560,파로스아이바이오,1452.0,1287,소+
2226,TIGER 미국S&P500TR(H),1447.0,1288,소+
561,현대이지웰,1444.0,1289,소+
2227,KODEX TRF3070,1443.0,1290,소+
562,풍국주정,1441.0,1291,소+
2228,아남전자,1441.0,1292,소+
563,MDS테크,1440.0,1293,소+
2229,신라교역,1438.0,1294,소+
2230,한국석유,1437.0,1295,소+
564,보성파워텍,1437.0,1296,소+
565,나인테크,1434.0,1297,소+
567,더라미,1433.0,1298,소+
566,엑스게이트,1433.0,1299,소+
568,나우IB,1433.0,1300,소+
569,중앙첨단소재,1426.0,1301,소+
570,코렌텍,1424.0,1302,소+
2231,삼성물산우B,1421.0,1303,소+
2232,효성ITX,1418.0,1304,소+
2233,테이팩스,1417.0,1305,소+
571,동신건설,1417.0,1306,소+
572,덴티스,1415.0,1307,소+
2234,KTcs,1415.0,1308,소+
2235,덕양산업,1415.0,1309,소+
573,서울바이오시스,1414.0,1310,소+
574,헥토파이낸셜,1414.0,1311,소+
2236,삼양통상,1413.0,1312,소+
575,케이엔더블유,1413.0,1313,소+
2237,인스코비,1411.0,1314,소+
576,CJ 바이오사이언스,1405.0,1315,소+
577,공구우먼,1405.0,1316,소+
2238,디와이파워,1402.0,1317,소+
578,디에스케이,1397.0,1318,소+
579,HLB파나진,1396.0,1319,소+
580,풍원정밀,1395.0,1320,소+
581,APS,1395.0,1321,소+
582,차백신연구소,1393.0,1322,소+
583,아이엠티,1392.0,1323,소+
2239,TIGER 여행레저,1386.0,1324,소+
584,특수건설,1384.0,1325,소+
2240,KODEX 미국S&P500선물(H),1383.0,1326,소+
2241,샘표,1383.0,1327,소+
585,와이엔텍,1381.0,1328,소+
586,엔피,1380.0,1329,소+
2242,TIGER 현대차그룹+펀더멘털,1378.0,1330,소+
587,뉴프렉스,1377.0,1331,소+
588,엑시콘,1376.0,1332,소+
2243,동부건설,1370.0,1333,소+
2244,웅진,1369.0,1334,소+
589,우리바이오,1368.0,1335,소+
590,엔젯,1367.0,1336,소+
2245,ACE 24-12 회사채(AA-이상)액티브,1364.0,1337,소+
591,에이티넘인베스트,1363.0,1338,소+
592,레뷰코퍼레이션,1361.0,1339,소+
2246,KODEX 미국나스닥100선물(H),1360.0,1340,소+
2247,KBSTAR 2차전지TOP10인버스(합성),1359.0,1341,소+
2248,TIGER 차이나과창판STAR50(합성),1359.0,1342,소+
593,이랜시스,1357.0,1343,소+
595,인크로스,1356.0,1344,소+
594,라온피플,1356.0,1345,소+
596,테라젠이텍스,1354.0,1346,소+
2249,신원,1352.0,1347,소+
2250,금호에이치티,1351.0,1348,소+
2251,신흥,1350.0,1349,소+
2252,태양금속,1349.0,1350,소+
597,메가스터디,1348.0,1351,소+
598,에이스테크,1348.0,1352,소+
599,푸른저축은행,1347.0,1353,소+
2254,강남제비스코,1346.0,1354,소+
2253,아모레G3우(전환),1346.0,1355,소+
2255,KTOP 단기금융채액티브,1343.0,1356,소+
600,웹케시,1343.0,1357,소+
601,화일약품,1341.0,1358,소+
602,삼지전자,1340.0,1359,소+
603,우리산업,1339.0,1360,소+
2257,신일전자,1338.0,1361,소+
2256,TIGER Fn메타버스,1338.0,1362,소+
2258,대한화섬,1333.0,1363,소+
604,아스플로,1333.0,1364,소+
2259,한투 코스피 양매도 5% OTM ETN,1332.0,1365,소+
605,위메이드플레이,1327.0,1366,소+
606,오이솔루션,1327.0,1367,소+
607,하인크코리아,1325.0,1368,소+
608,와이랩,1321.0,1369,소+
609,초록뱀미디어,1321.0,1370,소+
610,고려신용정보,1320.0,1371,소+
2260,한컴라이프케어,1317.0,1372,소+
611,브랜드엑스코퍼레이션,1317.0,1373,소+
612,플래스크,1315.0,1374,소+
613,오리엔탈정공,1315.0,1375,소+
614,안트로젠,1314.0,1376,소+
2262,사조동아원,1310.0,1377,소+
2261,미창석유,1310.0,1378,소+
615,위더스제약,1309.0,1379,소+
617,삼보모터스,1308.0,1380,소+
616,하이로닉,1308.0,1381,소+
2263,대신증권2우B,1307.0,1382,소+
618,흥구석유,1306.0,1383,소+
2264,태평양물산,1305.0,1384,소+
619,농우바이오,1303.0,1385,소+
620,인피니트헬스케어,1303.0,1386,소+
2265,웰바이오텍,1303.0,1387,소+
622,대한뉴팜,1302.0,1388,소+
621,태웅로직스,1302.0,1389,소+
623,휴맥스,1302.0,1390,소+
625,키이스트,1300.0,1391,소+
624,레드캡투어,1300.0,1392,소+
626,NEW,1298.0,1393,소+
2266,수산중공업,1295.0,1394,소+
2267,한국내화,1290.0,1395,소+
628,우주일렉트로,1287.0,1396,소+
627,꿈비,1287.0,1397,소+
2268,미래에셋 코스피 양매도 5% OTM ETN,1286.0,1398,소+
629,아가방컴퍼니,1284.0,1399,소+
2269,성창기업지주,1283.0,1400,소+
630,엔바이오니아,1282.0,1401,소+
2270,ACE 23-12 회사채(AA-이상)액티브,1282.0,1402,소+
631,SCI평가정보,1282.0,1403,소+
632,케이프,1278.0,1404,소+
634,액토즈소프트,1277.0,1405,소+
633,큐라클,1277.0,1406,소+
2271,현대약품,1277.0,1407,소+
2272,조선선재,1277.0,1408,소+
635,엠투아이,1275.0,1409,소+
636,핑거,1274.0,1410,소+
637,제노코,1273.0,1411,소+
638,에이스토리,1269.0,1412,소+
2273,계룡건설,1269.0,1413,소+
639,유비벨록스,1268.0,1414,소+
641,아모센스,1267.0,1415,소+
640,한국경제TV,1267.0,1416,소+
2274,KBSTAR iSelect메타버스,1267.0,1417,소+
2275,대구백화점,1266.0,1418,소+
2276,인지컨트롤스,1265.0,1419,소+
2277,TIGER 코스닥150,1264.0,1420,소+
643,엠게임,1263.0,1421,소+
642,시공테크,1263.0,1422,소+
644,대성창투,1261.0,1423,소+
645,남화산업,1260.0,1424,소+
646,TS트릴리온,1260.0,1425,소+
2278,삼성 레버리지 천연가스 선물 ETN C,1259.0,1426,소+
647,코스맥스엔비티,1258.0,1427,소+
648,미스터블루,1258.0,1428,소+
649,아이에이,1256.0,1429,소+
650,서플러스글로벌,1250.0,1430,소+
651,지아이텍,1250.0,1431,소+
652,텔콘RF제약,1249.0,1432,소+
2279,디씨엠,1249.0,1433,소+
2280,한국수출포장,1248.0,1434,소+
2281,황금에스티,1246.0,1435,소+
653,SBI인베스트먼트,1243.0,1436,소+
2282,TIGER 코스피,1243.0,1437,소+
654,제로투세븐,1240.0,1438,소+
656,맥스트,1239.0,1439,소+
655,제이엔케이히터,1239.0,1440,소+
2283,유화증권,1239.0,1441,소+
659,심텍홀딩스,1238.0,1442,소+
657,엠투엔,1238.0,1443,소+
658,아미노로직스,1238.0,1444,소+
660,동아화성,1237.0,1445,소+
661,메쎄이상,1236.0,1446,소+
662,바이오에프디엔씨,1235.0,1447,소+
2284,KODEX 미국나스닥100(H),1234.0,1448,소+
2286,KTOP K200액티브,1233.0,1449,소+
2285,샘표식품,1233.0,1450,소+
663,비엠티,1232.0,1451,소+
664,유일에너테크,1232.0,1452,소+
2287,광전자,1228.0,1453,소+
665,스튜디오미르,1225.0,1454,소+
666,타이거일렉,1224.0,1455,소+
667,알에프텍,1223.0,1456,소+
2288,유니퀘스트,1223.0,1457,소+
668,티사이언티픽,1222.0,1458,소+
2289,동남합성,1222.0,1459,소+
669,신스틸,1221.0,1460,소+
2291,TIGER 투자등급회사채액티브,1219.0,1461,소+
2290,대영포장,1219.0,1462,소+
670,코리아나,1218.0,1463,소+
2292,KBSTAR 2차전지액티브,1217.0,1464,소+
671,에이팩트,1216.0,1465,소+
672,오성첨단소재,1215.0,1466,소+
673,플리토,1214.0,1467,소+
2293,세아특수강,1214.0,1468,소+
674,대정화금,1214.0,1469,소+
2294,이구산업,1209.0,1470,소+
675,휴센텍,1208.0,1471,소+
676,일월지엠엘,1208.0,1472,소+
2295,한투 레버리지 S&P500 선물 ETN(H),1207.0,1473,소+
677,세운메디칼,1204.0,1474,소+
2296,한양증권,1204.0,1475,소+
2297,SOL 25-09 회사채(AA-이상)액티브,1204.0,1476,소+
2298,KODEX 200IT TR,1201.0,1477,소+
2299,일동홀딩스,1200.0,1478,소+
678,라이온켐텍,1199.0,1479,소+
679,덕우전자,1198.0,1480,소+
680,이지케어텍,1197.0,1481,소+
2300,성안,1195.0,1482,소+
681,빅텍,1193.0,1483,소+
2302,미래에셋 인버스 2X 코스닥150 선물 ETN,1193.0,1484,소+
2301,HANARO 200TR,1193.0,1485,소+
682,JW신약,1191.0,1486,소+
683,엔지켐생명과학,1191.0,1487,소+
2303,KCTC,1188.0,1488,소+
684,오션브릿지,1188.0,1489,소+
685,KCC건설,1188.0,1490,소+
686,지오릿에너지,1186.0,1491,소+
687,자이글,1184.0,1492,소+
2304,삼원강재,1184.0,1493,소+
688,인벤티지랩,1184.0,1494,소+
689,케이피에스,1183.0,1495,소+
2305,종근당바이오,1182.0,1496,소+
690,매일홀딩스,1181.0,1497,소+
691,씨앤지하이테크,1178.0,1498,소+
692,하이소닉,1177.0,1499,소+
693,아이디스홀딩스,1177.0,1500,소+
694,대원산업,1176.0,1501,소+
2307,DRB동일,1176.0,1502,소+
2306,한국패러랠,1176.0,1503,소+
695,디알젬,1174.0,1504,소+
696,우듬지팜,1173.0,1505,소+
697,라온테크,1172.0,1506,소+
2309,경동도시가스,1170.0,1507,소+
2308,TIGER 미국채10년선물,1170.0,1508,소+
698,지어소프트,1168.0,1509,소+
2310,KBSTAR 25-03 회사채(AA-이상)액티브,1167.0,1510,소+
699,선광,1161.0,1511,소+
2311,동일산업,1160.0,1512,소+
2312,히어로즈 단기채권ESG액티브,1158.0,1513,소+
700,코닉오토메이션,1154.0,1514,소+
701,샌즈랩,1153.0,1515,소+
702,희림,1153.0,1516,소+
2313,SK이노베이션우,1152.0,1517,소+
703,알에스오토메이션,1152.0,1518,소+
2314,TIGER 미국채30년스트립액티브(합성 H),1152.0,1519,소+
704,크라우드웍스,1151.0,1520,소+
705,라이트론,1149.0,1521,소+
706,야스,1148.0,1522,소+
2315,한솔홀딩스,1147.0,1523,소+
707,시스웍,1143.0,1524,소+
2316,유니온머티리얼,1142.0,1525,소+
709,셀루메드,1141.0,1526,소+
708,정상제이엘에스,1141.0,1527,소+
710,마이크로디지탈,1138.0,1528,소+
2317,KBSTAR 코스피,1138.0,1529,소+
711,엔브이에이치코리아,1136.0,1530,소+
2318,한국특강,1136.0,1531,소+
2319,ACE 중국본토CSI300,1135.0,1532,소+
2321,KODEX 배당가치,1134.0,1533,소+
712,트루엔,1134.0,1534,소+
2320,KODEX 바이오,1134.0,1535,소+
713,엘컴텍,1133.0,1536,소+
714,제이아이테크,1133.0,1537,소+
2322,대창,1132.0,1538,소+
716,SBS콘텐츠허브,1131.0,1539,소+
715,아모텍,1131.0,1540,소+
2323,KODEX 2차전지핵심소재10 Fn,1130.0,1541,소+
2324,인천도시가스,1129.0,1542,소+
717,3S,1126.0,1543,소+
718,한라IMS,1126.0,1544,소+
719,예스24,1125.0,1545,소+
2326,아센디오,1125.0,1546,소+
2325,HANARO Fn K-반도체,1125.0,1547,소+
720,녹십자웰빙,1124.0,1548,소+
721,오비고,1119.0,1549,소+
722,솔본,1117.0,1550,소+
2327,KODEX 미국반도체MV,1117.0,1551,소+
723,이지바이오,1115.0,1552,소+
2328,한국화장품,1114.0,1553,소+
725,현대에버다임,1113.0,1554,소+
724,디에이테크놀로지,1113.0,1555,소+
726,베노티앤알,1112.0,1556,소+
727,이노시뮬레이션,1108.0,1557,소+
2329,ACE 글로벌반도체TOP4 Plus SOLACTIVE,1108.0,1558,소+
728,영화테크,1108.0,1559,소+
730,노랑풍선,1104.0,1560,소+
729,제일전기공업,1104.0,1561,소+
2330,두올,1103.0,1562,소+
2331,가온전선,1101.0,1563,소+
2332,TIMEFOLIO 글로벌AI인공지능액티브,1101.0,1564,소+
731,제너셈,1100.0,1565,소+
732,서원인텍,1099.0,1566,소+
733,지에스이,1099.0,1567,소+
2333,한국화장품제조,1094.0,1568,소+
734,파이버프로,1094.0,1569,소+
2334,CJ우,1092.0,1570,소+
735,푸드나무,1092.0,1571,소+
736,대양전기공업,1091.0,1572,소+
738,SBI핀테크솔루션즈,1090.0,1573,소+
737,와이팜,1090.0,1574,소+
2335,팜젠사이언스,1089.0,1575,소+
740,에스퓨얼셀,1088.0,1576,소+
739,퀀타피아,1088.0,1577,소+
2336,TIGER 인도니프티50,1088.0,1578,소+
741,현대공업,1086.0,1579,소+
2337,팜스코,1085.0,1580,소+
742,마이크로컨텍솔,1085.0,1581,소+
743,국보디자인,1084.0,1582,소+
744,중앙에너비스,1084.0,1583,소+
745,원티드랩,1083.0,1584,소+
746,에스엠코어,1082.0,1585,소+
747,큐라티스,1081.0,1586,소+
748,옵티팜,1081.0,1587,소+
749,비아트론,1081.0,1588,소+
750,엔시스,1080.0,1589,소+
2338,청호ICT,1079.0,1590,소+
2339,토니모리,1078.0,1591,소+
751,지니언스,1077.0,1592,소+
752,오토앤,1076.0,1593,소+
2340,한투 블룸버그 인버스 2X 천연가스선물 ETN,1076.0,1594,소+
2341,크라운제과,1075.0,1595,소+
754,메타바이오메드,1074.0,1596,소+
753,우리손에프앤지,1074.0,1597,소+
755,세아메카닉스,1073.0,1598,소+
2342,화승코퍼레이션,1071.0,1599,소+
757,와이엠씨,1071.0,1600,소+
756,에이비온,1071.0,1601,소+
2343,씨티알모빌리티,1070.0,1602,소+
758,에스트래픽,1070.0,1603,소+
2345,화성산업,1069.0,1604,소+
760,이큐셀,1069.0,1605,소+
759,에이테크솔루션,1069.0,1606,소+
2344,TIGER 미국MSCI리츠(합성 H),1069.0,1607,소+
761,네온테크,1068.0,1608,소+
762,기가레인,1068.0,1609,소+
763,캠시스,1067.0,1610,소+
764,진로발효,1066.0,1611,소+
765,에스피시스템스,1061.0,1612,소+
766,위드텍,1060.0,1613,소+
767,중앙백신,1059.0,1614,소+
768,메가터치,1057.0,1615,소+
769,세코닉스,1056.0,1616,소+
2346,HS애드,1054.0,1617,소+
770,빅솔론,1052.0,1618,소+
771,센서뷰,1049.0,1619,소+
772,케이옥션,1049.0,1620,소+
773,상보,1049.0,1621,소+
774,씨티케이,1048.0,1622,소+
775,케일럼,1047.0,1623,소+
2347,이지스레지던스리츠,1046.0,1624,소+
777,캡스톤파트너스,1045.0,1625,소+
776,폴라리스세원,1045.0,1626,소+
2348,엔에이치스팩19호,1044.0,1627,소+
780,오하임앤컴퍼니,1044.0,1628,소+
779,LB인베스트먼트,1044.0,1629,소+
778,선바이오,1044.0,1630,소+
781,쏘닉스,1040.0,1631,소+
782,베뉴지,1036.0,1632,소+
783,참좋은여행,1036.0,1633,소+
784,유아이엘,1035.0,1634,소+
2349,와이투솔루션,1035.0,1635,소+
2351,KBSTAR Fn5G테크,1035.0,1636,소+
2350,WOORI 25-09 회사채(AA-이상)액티브,1035.0,1637,소+
2352,국제약품,1032.0,1638,소+
785,이노메트리,1032.0,1639,소+
2353,조흥,1031.0,1640,소+
786,케이피에프,1031.0,1641,소+
787,리메드,1029.0,1642,소+
788,쎌바이오텍,1028.0,1643,소+
2354,TIGER 글로벌혁신블루칩TOP10,1027.0,1644,소+
789,수젠텍,1026.0,1645,소+
790,가온그룹,1025.0,1646,소+
2356,KTOP 25-08 회사채(A+이상)액티브,1025.0,1647,소+
2355,KODEX 헬스케어,1025.0,1648,소+
791,아진엑스텍,1024.0,1649,소+
2357,KTis,1023.0,1650,소+
2358,화천기계,1022.0,1651,소+
792,신신제약,1022.0,1652,소+
794,위지트,1021.0,1653,소+
793,국일제지,1021.0,1654,소+
795,대한광통신,1020.0,1655,소+
2359,한진중공업홀딩스,1019.0,1656,소+
2360,BNK 24-11 회사채(AA-이상)액티브,1018.0,1657,소+
796,젬백스링크,1018.0,1658,소+
2362,KODEX 2차전지산업레버리지,1014.0,1659,소+
797,유신,1014.0,1660,소+
2361,SOL 국고채10년,1014.0,1661,소+
798,모델솔루션,1013.0,1662,소+
799,삼아제약,1011.0,1663,소+
800,에이텍,1010.0,1664,소+
801,바이오솔루션,1008.0,1665,소+
2363,삼화전기,1007.0,1666,소+
802,유니테크노,1007.0,1667,소+
803,한송네오텍,1006.0,1668,소+
804,광무,1006.0,1669,소+
805,안국약품,1006.0,1670,소+
2364,KODEX K-로봇액티브,1005.0,1671,소+
806,팬엔터테인먼트,1005.0,1672,소+
809,소마젠,1004.0,1673,소+
807,SV인베스트먼트,1004.0,1674,소+
808,바이오톡스텍,1004.0,1675,소+
2365,신한 KOFR금리 ETN,1003.0,1676,소+
2366,CJ씨푸드,1002.0,1677,소+
810,엔비티,1002.0,1678,소+
2367,ACE 26-06 회사채(AA-이상)액티브,1001.0,1679,소+
811,EG,999.0,1680,소
812,시그네틱스,994.0,1681,소
813,코텍,992.0,1682,소
814,유틸렉스,991.0,1683,소
2368,KoAct 바이오헬스케어액티브,990.0,1684,소
815,인화정공,989.0,1685,소
817,알비더블유,988.0,1686,소
816,인성정보,988.0,1687,소
2369,텔코웨어,987.0,1688,소
820,하이텍팜,987.0,1689,소
819,정다운,987.0,1690,소
818,유니크,987.0,1691,소
821,한국선재,985.0,1692,소
822,서한,985.0,1693,소
2370,SOL 미국배당다우존스(H),984.0,1694,소
823,에스텍,984.0,1695,소
2371,현대코퍼레이션홀딩스,983.0,1696,소
824,바이젠셀,983.0,1697,소
826,서호전기,982.0,1698,소
825,포바이포,982.0,1699,소
827,러셀,980.0,1700,소
2372,삼익악기,979.0,1701,소
828,본느,979.0,1702,소
829,국순당,979.0,1703,소
830,모바일어플라이언스,978.0,1704,소
832,로보로보,976.0,1705,소
831,트루윈,976.0,1706,소
833,금강철강,975.0,1707,소
2373,광명전기,975.0,1708,소
836,제노레이,974.0,1709,소
835,씨앤투스,974.0,1710,소
834,유진테크놀로지,974.0,1711,소
838,디스플레이텍,972.0,1712,소
837,인포뱅크,972.0,1713,소
841,케이에스피,970.0,1714,소
842,버킷스튜디오,970.0,1715,소
840,삼양옵틱스,970.0,1716,소
839,나노엔텍,970.0,1717,소
2374,코스맥스비티아이,969.0,1718,소
843,앤디포스,968.0,1719,소
2375,KBSTAR 코스닥150,968.0,1720,소
845,센코,967.0,1721,소
844,우수AMS,967.0,1722,소
846,이엠코리아,967.0,1723,소
847,티비씨,966.0,1724,소
848,와이씨켐,966.0,1725,소
2376,유니드비티플러스,961.0,1726,소
849,인스웨이브시스템즈,960.0,1727,소
850,트윔,959.0,1728,소
2377,신한 미국달러 SOFR금리 플러스 ETN,959.0,1729,소
851,탑엔지니어링,958.0,1730,소
852,엠에스씨,957.0,1731,소
853,디바이스이엔지,957.0,1732,소
2378,세이브존I&C,956.0,1733,소
2379,모나리자,954.0,1734,소
855,화인써키트,952.0,1735,소
854,오스테오닉,952.0,1736,소
856,덕신하우징,952.0,1737,소
857,미투온,949.0,1738,소
2380,KODEX 인도Nifty50,949.0,1739,소
858,대봉엘에스,948.0,1740,소
859,우양,945.0,1741,소
860,디케이락,944.0,1742,소
2381,TIGER 소프트웨어,942.0,1743,소
861,와이어블,940.0,1744,소
862,티쓰리,939.0,1745,소
863,나라셀라,939.0,1746,소
864,피제이메탈,939.0,1747,소
2382,인바이오젠,938.0,1748,소
865,유라테크,937.0,1749,소
866,테고사이언스,937.0,1750,소
2383,동방,937.0,1751,소
2384,TIGER KRX바이오K-뉴딜,936.0,1752,소
2386,일성건설,935.0,1753,소
2385,삼일제약,935.0,1754,소
867,지엘팜텍,935.0,1755,소
868,아스타,935.0,1756,소
869,나이스디앤비,935.0,1757,소
870,세보엠이씨,934.0,1758,소
2387,에이플러스에셋,934.0,1759,소
871,오르비텍,934.0,1760,소
2388,TIGER 200선물인버스2X,933.0,1761,소
872,이노시스,931.0,1762,소
2389,진양산업,930.0,1763,소
874,레이저쎌,930.0,1764,소
873,피엔티엠에스,930.0,1765,소
2390,KBSTAR 대형고배당10TR,929.0,1766,소
2391,대현,928.0,1767,소
2392,KBSTAR 코스닥150선물레버리지,926.0,1768,소
876,피제이전자,921.0,1769,소
877,한싹,921.0,1770,소
875,오브젠,921.0,1771,소
2393,동양철관,920.0,1772,소
878,미래생명자원,919.0,1773,소
2394,씨아이테크,919.0,1774,소
879,다보링크,917.0,1775,소
881,지니너스,917.0,1776,소
880,일승,917.0,1777,소
884,NE능률,916.0,1778,소
883,서남,916.0,1779,소
882,선진뷰티사이언스,916.0,1780,소
885,아이에스이커머스,914.0,1781,소
888,에스제이그룹,913.0,1782,소
887,저스템,913.0,1783,소
886,RF머트리얼즈,913.0,1784,소
890,오상자이엘,912.0,1785,소
889,광림,912.0,1786,소
891,포인트엔지니어링,911.0,1787,소
2395,ACE KRX금현물,910.0,1788,소
892,제이씨현시스템,909.0,1789,소
893,프롬바이오,909.0,1790,소
894,머큐리,909.0,1791,소
895,모아데이타,908.0,1792,소
2396,금비,906.0,1793,소
897,로체시스템즈,906.0,1794,소
896,코리아에프티,906.0,1795,소
899,케이사인,905.0,1796,소
898,라온시큐어,905.0,1797,소
2397,TIGER 미국나스닥100TR(H),904.0,1798,소
900,카이노스메드,902.0,1799,소
2398,무림페이퍼,901.0,1800,소
901,스코넥,901.0,1801,소
903,윈팩,899.0,1802,소
902,비트컴퓨터,899.0,1803,소
2399,체시스,898.0,1804,소
904,아이씨에이치,896.0,1805,소
906,핌스,895.0,1806,소
905,SM Life Design,895.0,1807,소
907,스피어파워,895.0,1808,소
909,알리코제약,894.0,1809,소
908,에스엔유,894.0,1810,소
2400,TIGER 중국소비테마,894.0,1811,소
911,버넥트,891.0,1812,소
910,SBW생명과학,891.0,1813,소
912,비아이매트릭스,890.0,1814,소
913,삼기,889.0,1815,소
914,창해에탄올,889.0,1816,소
2401,TIGER 차이나CSI300레버리지(합성),888.0,1817,소
2402,미래산업,886.0,1818,소
915,코센,886.0,1819,소
916,한컴위드,885.0,1820,소
2403,인팩,882.0,1821,소
917,레몬,882.0,1822,소
2404,기신정기,880.0,1823,소
920,파라텍,878.0,1824,소
919,대성하이텍,878.0,1825,소
918,애니젠,878.0,1826,소
921,엠벤처투자,875.0,1827,소
2405,일신석재,874.0,1828,소
923,이라이콤,874.0,1829,소
924,메카로,874.0,1830,소
922,알에프세미,874.0,1831,소
2406,콤텍시스템,872.0,1832,소
928,한국컴퓨터,871.0,1833,소
927,제일테크노스,871.0,1834,소
926,마이크로투나노,871.0,1835,소
2409,STX그린로지스,871.0,1836,소
2408,HANARO 200 TOP10,871.0,1837,소
2407,두산퓨얼셀1우,871.0,1838,소
925,바이브컴퍼니,871.0,1839,소
929,신일제약,870.0,1840,소
2410,크라운해태홀딩스,869.0,1841,소
931,나라엠앤디,868.0,1842,소
930,한성크린텍,868.0,1843,소
2411,유유제약,867.0,1844,소
2412,다스코,866.0,1845,소
932,팸텍,863.0,1846,소
933,동일금속,863.0,1847,소
2413,동일고무벨트,862.0,1848,소
935,모비데이즈,859.0,1849,소
934,휴림에이텍,859.0,1850,소
2414,신한 블룸버그 2X 천연가스 선물 ETN,858.0,1851,소
936,플라즈맵,858.0,1852,소
937,자연과환경,856.0,1853,소
938,에스넷,856.0,1854,소
939,큐에스아이,855.0,1855,소
2415,TIGER 미디어컨텐츠,855.0,1856,소
2417,동방아그로,854.0,1857,소
2416,한신공영,854.0,1858,소
2418,메리츠 3X 레버리지 국채30년 ETN,853.0,1859,소
940,비엘,852.0,1860,소
2419,SG세계물산,852.0,1861,소
2420,신영와코루,851.0,1862,소
941,에스바이오메딕스,851.0,1863,소
2422,삼호개발,850.0,1864,소
2421,제일연마,850.0,1865,소
942,디티앤씨알오,849.0,1866,소
944,경창산업,847.0,1867,소
943,HRS,847.0,1868,소
2424,대원화성,846.0,1869,소
945,데이타솔루션,846.0,1870,소
2423,한투 레버리지 천연가스 선물 ETN B,846.0,1871,소
946,블리츠웨이,845.0,1872,소
947,대양제지,844.0,1873,소
948,드림씨아이에스,844.0,1874,소
949,삼화네트웍스,844.0,1875,소
2425,KH 필룩스,843.0,1876,소
2426,KODEX 차이나CSI300,841.0,1877,소
950,PN풍년,840.0,1878,소
2427,써니전자,840.0,1879,소
951,흥국에프엔비,839.0,1880,소
2428,방림,838.0,1881,소
2429,NH프라임리츠,836.0,1882,소
952,티라유텍,835.0,1883,소
953,아톤,833.0,1884,소
2430,상상인증권,829.0,1885,소
954,삼천리자전거,828.0,1886,소
955,녹십자엠에스,828.0,1887,소
956,에이치엘사이언스,828.0,1888,소
957,코콤,827.0,1889,소
959,경남스틸,826.0,1890,소
958,에프엔씨엔터,826.0,1891,소
960,옵투스제약,825.0,1892,소
961,엠에프엠코리아,825.0,1893,소
962,젠큐릭스,822.0,1894,소
2432,TIGER 테슬라채권혼합Fn,820.0,1895,소
2431,휴니드,820.0,1896,소
963,라이콤,820.0,1897,소
964,제이티,817.0,1898,소
965,피코그램,816.0,1899,소
2433,히어로즈 CD금리액티브(합성),815.0,1900,소
2434,TIGER 미국다우존스30,814.0,1901,소
966,성호전자,814.0,1902,소
967,오픈베이스,814.0,1903,소
968,모니터랩,813.0,1904,소
2435,HL D&I,810.0,1905,소
969,웰크론,810.0,1906,소
970,파수,809.0,1907,소
2437,유니온,809.0,1908,소
2436,대원전선,809.0,1909,소
972,케어랩스,808.0,1910,소
971,시큐레터,808.0,1911,소
973,진시스템,808.0,1912,소
2438,덕성,806.0,1913,소
976,우림피티에스,806.0,1914,소
975,샤페론,806.0,1915,소
974,엑스페릭스,806.0,1916,소
2440,TIGER 200선물레버리지,805.0,1917,소
2439,에이엔피,805.0,1918,소
2441,조광페인트,804.0,1919,소
2442,대동전자,804.0,1920,소
978,코메론,803.0,1921,소
977,아이엘사이언스,803.0,1922,소
979,우리로,802.0,1923,소
980,현우산업,801.0,1924,소
2443,대호에이엘,800.0,1925,소
981,삼현철강,799.0,1926,소
982,아이비김영,799.0,1927,소
2444,신한 인버스 2X 코스닥 150 선물 ETN,798.0,1928,소
985,한주라이트메탈,797.0,1929,소
983,제이스코홀딩스,797.0,1930,소
2446,호전실업,797.0,1931,소
2445,지엠비코리아,797.0,1932,소
986,케이씨에스,797.0,1933,소
984,소니드,797.0,1934,소
2447,엔케이,796.0,1935,소
2448,고려산업,794.0,1936,소
988,인지디스플레,793.0,1937,소
987,구영테크,793.0,1938,소
2449,사조오양,793.0,1939,소
989,아이티센,793.0,1940,소
991,웨이브일렉트로,792.0,1941,소
2450,KODEX WTI원유선물(H),792.0,1942,소
990,남화토건,792.0,1943,소
992,엠아이큐브솔루션,791.0,1944,소
993,티플랙스,790.0,1945,소
995,포시에스,790.0,1946,소
996,알피바이오,790.0,1947,소
994,KX하이텍,790.0,1948,소
997,제놀루션,789.0,1949,소
998,그린플러스,788.0,1950,소
1000,대모,787.0,1951,소
999,유니트론텍,787.0,1952,소
1001,오픈놀,786.0,1953,소
1002,에스씨디,786.0,1954,소
1004,디지틀조선,785.0,1955,소
1003,줌인터넷,785.0,1956,소
2451,HANARO Fn조선해운,785.0,1957,소
1006,에프엔에스테크,785.0,1958,소
1005,퀀타매트릭스,785.0,1959,소
1007,KCI,784.0,1960,소
1008,피에스텍,784.0,1961,소
2452,KC코트렐,784.0,1962,소
2453,남성,784.0,1963,소
2454,이건산업,783.0,1964,소
2455,명문제약,781.0,1965,소
2456,신송홀딩스,781.0,1966,소
1009,에코바이오,781.0,1967,소
2457,ACE 25-06 회사채(AA-이상)액티브,780.0,1968,소
1010,대창솔루션,780.0,1969,소
2458,KODEX 국채선물10년,779.0,1970,소
2459,동원금속,778.0,1971,소
1012,에프앤가이드,778.0,1972,소
1011,브리지텍,778.0,1973,소
2460,남광토건,777.0,1974,소
1013,나무기술,777.0,1975,소
1014,TJ미디어,776.0,1976,소
1015,에스텍파마,775.0,1977,소
1017,씨유박스,773.0,1978,소
2462,TIGER 미국필라델피아반도체레버리지(합성),773.0,1979,소
2463,한투 나스닥 100 ETN,773.0,1980,소
1016,서린바이오,773.0,1981,소
2461,SH에너지화학,773.0,1982,소
2464,미래에셋 -0.5X S&P500 VIX S/T선물 ETN(H),772.0,1983,소
1018,웨이버스,771.0,1984,소
1020,오로라,771.0,1985,소
1019,유성티엔에스,771.0,1986,소
2465,KODEX 은선물(H),771.0,1987,소
1021,모비릭스,770.0,1988,소
2466,KODEX Fn성장,770.0,1989,소
1022,손오공,769.0,1990,소
1023,웰크론한텍,768.0,1991,소
1024,한일단조,766.0,1992,소
1025,플래티어,766.0,1993,소
2467,신한 레버리지 코스닥 150 선물 ETN,766.0,1994,소
1027,코스텍시스,765.0,1995,소
1028,컴퍼니케이,765.0,1996,소
1029,동우팜투테이블,765.0,1997,소
1030,케이피엠테크,765.0,1998,소
1026,서진오토모티브,765.0,1999,소
2468,화승알앤에이,765.0,2000,소
1031,코퍼스코리아,764.0,2001,소
2469,보락,763.0,2002,소
1032,액션스퀘어,763.0,2003,소
1033,옵트론텍,763.0,2004,소
1034,잉크테크,762.0,2005,소
1035,이원컴포텍,760.0,2006,소
1036,에이텍모빌리티,759.0,2007,소
1037,프로이천,758.0,2008,소
1038,엔에프씨,758.0,2009,소
2470,KC그린홀딩스,757.0,2010,소
2471,상신브레이크,757.0,2011,소
1040,고려제약,756.0,2012,소
1039,DSC인베스트먼트,756.0,2013,소
1041,씨이랩,755.0,2014,소
1042,액트로,754.0,2015,소
2472,보해양조,754.0,2016,소
1043,YBM넷,753.0,2017,소
1044,강스템바이오텍,752.0,2018,소
2473,KODEX 미국달러선물인버스2X,751.0,2019,소
1046,세종메디칼,751.0,2020,소
1045,오킨스전자,751.0,2021,소
1047,아우딘퓨쳐스,750.0,2022,소
1048,진양제약,748.0,2023,소
1049,피엔케이피부임상연구센타,747.0,2024,소
1051,한국전자인증,746.0,2025,소
1050,에코캡,746.0,2026,소
2474,KODEX 한국대만IT프리미어,744.0,2027,소
1052,힘스,744.0,2028,소
2475,삼성공조,744.0,2029,소
1053,에스에이티,742.0,2030,소
2477,부국철강,742.0,2031,소
2476,한투 S&P500 선물 ETN,742.0,2032,소
1055,모베이스,741.0,2033,소
1056,유에스티,741.0,2034,소
1054,인산가,741.0,2035,소
1057,피플바이오,740.0,2036,소
2478,SK우,740.0,2037,소
2479,새론오토모티브,739.0,2038,소
2480,마이티 26-09 특수채(AAA)액티브,739.0,2039,소
1058,영림원소프트랩,738.0,2040,소
1059,우리넷,737.0,2041,소
2481,유성기업,737.0,2042,소
1060,제노포커스,736.0,2043,소
1061,에이루트,736.0,2044,소
2482,까뮤이앤씨,734.0,2045,소
2483,플레이그램,733.0,2046,소
1062,탑코미디어,733.0,2047,소
1063,하츠,732.0,2048,소
1064,아이큐어,732.0,2049,소
1065,바이오스마트,732.0,2050,소
1066,클리노믹스,731.0,2051,소
2484,KODEX 미국메타버스나스닥액티브,730.0,2052,소
2485,오리엔트바이오,729.0,2053,소
1067,이노뎁,729.0,2054,소
1068,램테크놀러지,729.0,2055,소
1069,보라티알,728.0,2056,소
2486,혜인,728.0,2057,소
1070,KBG,727.0,2058,소
2487,한솔로지스틱스,727.0,2059,소
1071,흥국,727.0,2060,소
1072,대림제지,725.0,2061,소
1073,대동기어,724.0,2062,소
2488,인터지스,723.0,2063,소
1074,미래에셋드림스팩1호,723.0,2064,소
1075,브릿지바이오테라퓨틱스,722.0,2065,소
2489,신한 레버리지 은 선물 ETN(H),721.0,2066,소
2490,KBSTAR 미국단기투자등급회사채액티브,720.0,2067,소
1076,엘티씨,719.0,2068,소
1077,에스유홀딩스,719.0,2069,소
1079,이지트로닉스,718.0,2070,소
1078,엔젠바이오,718.0,2071,소
1080,iMBC,718.0,2072,소
2491,화천기공,718.0,2073,소
2492,삼화왕관,717.0,2074,소
1081,FSN,717.0,2075,소
2493,진양폴리,715.0,2076,소
1082,아셈스,715.0,2077,소
2494,깨끗한나라,714.0,2078,소
1083,이삭엔지니어링,714.0,2079,소
1084,대원,713.0,2080,소
1085,래몽래인,711.0,2081,소
2495,신한 WTI원유 선물 ETN(H),711.0,2082,소
1086,파이오링크,710.0,2083,소
2496,ACE 미국WideMoat가치주,710.0,2084,소
1087,쎄노텍,710.0,2085,소
2499,DSR,709.0,2086,소
2498,미래에셋글로벌리츠,709.0,2087,소
2497,TIGER 국채3년,709.0,2088,소
1088,엠젠솔루션,708.0,2089,소
2500,평화산업,708.0,2090,소
2501,쌍방울,706.0,2091,소
2502,동양피스톤,706.0,2092,소
1089,이건홀딩스,705.0,2093,소
2504,ARIRANG 신흥국MSCI(합성 H),704.0,2094,소
2503,히어로즈 종합채권(AA-이상)액티브,704.0,2095,소
1090,엔투텍,704.0,2096,소
2505,한일철강,703.0,2097,소
1091,CBI,702.0,2098,소
2506,한솔홈데코,702.0,2099,소
1092,조광ILI,701.0,2100,소
1093,비투엔,701.0,2101,소
2508,영보화학,700.0,2102,소
2507,대우부품,700.0,2103,소
1094,이엠넷,698.0,2104,소
1095,성도이엔지,698.0,2105,소
1096,수산아이앤티,697.0,2106,소
1097,스톤브릿지벤처스,696.0,2107,소
1098,테크엘,696.0,2108,소
1099,내츄럴엔도텍,695.0,2109,소
2510,천일고속,694.0,2110,소
2509,유한양행우,694.0,2111,소
2511,KODEX 미국달러선물,692.0,2112,소
1100,CSA 코스믹,691.0,2113,소
1101,SDN,691.0,2114,소
2512,서울식품,690.0,2115,소
1102,푸른기술,687.0,2116,소
1103,오텍,686.0,2117,소
2513,한익스프레스,686.0,2118,소
1104,태성,686.0,2119,소
1105,린드먼아시아,686.0,2120,소
2514,마니커,685.0,2121,소
1107,진영,684.0,2122,소
1108,코데즈컴바인,684.0,2123,소
1106,지엔씨에너지,684.0,2124,소
2515,CS홀딩스,683.0,2125,소
2516,TIGER 화장품,682.0,2126,소
1109,에코볼트,682.0,2127,소
1110,CNH,681.0,2128,소
1111,신화인터텍,680.0,2129,소
1112,이글벳,679.0,2130,소
1113,슈프리마에이치큐,679.0,2131,소
2517,KODEX 미국종합채권SRI액티브(H),677.0,2132,소
2518,KBSTAR 중기우량회사채,677.0,2133,소
2519,조비,675.0,2134,소
1114,EDGC,674.0,2135,소
2521,KBSTAR 단기국공채액티브,673.0,2136,소
2520,KODEX 아시아반도체공급망exChina액티브,673.0,2137,소
1115,팜스빌,672.0,2138,소
1116,루멘스,671.0,2139,소
2523,마스턴프리미어리츠,670.0,2140,소
2522,TIGER 미국투자등급회사채액티브(H),670.0,2141,소
1119,제이엠티,670.0,2142,소
1118,나래나노텍,670.0,2143,소
1117,누리플렉스,670.0,2144,소
1120,디에이피,669.0,2145,소
2525,TIGER 200 중공업,669.0,2146,소
2524,인디에프,669.0,2147,소
1121,에스앤디,668.0,2148,소
1123,이글루,665.0,2149,소
2526,세원정공,665.0,2150,소
1122,비트나인,665.0,2151,소
1124,이화공영,662.0,2152,소
2527,한세엠케이,661.0,2153,소
2528,하이스틸,658.0,2154,소
1126,동아엘텍,657.0,2155,소
1125,네오크레마,657.0,2156,소
1127,조아제약,657.0,2157,소
1128,씨엔알리서치,657.0,2158,소
1129,코츠테크놀로지,656.0,2159,소
1132,토마토시스템,655.0,2160,소
1130,애머릿지,655.0,2161,소
1131,체리부로,655.0,2162,소
1133,인포마크,653.0,2163,소
1135,아이진,653.0,2164,소
1136,링크제니시스,653.0,2165,소
1137,우리산업홀딩스,653.0,2166,소
1134,제주맥주,653.0,2167,소
1139,제룡산업,652.0,2168,소
1138,에이치와이티씨,652.0,2169,소
1140,인포바인,651.0,2170,소
1141,대륙제관,650.0,2171,소
2529,부산산업,650.0,2172,소
1142,그리티,649.0,2173,소
1144,수성샐바시온,647.0,2174,소
1143,자비스,647.0,2175,소
2530,SG글로벌,647.0,2176,소
2531,우성,646.0,2177,소
1145,DH오토웨어,646.0,2178,소
2533,코오롱인더우,645.0,2179,소
2532,미래에셋맵스리츠,645.0,2180,소
1146,케이엘넷,644.0,2181,소
2534,케이비아이동국실업,644.0,2182,소
1147,삼보산업,643.0,2183,소
1148,경남제약,642.0,2184,소
2536,우진플라임,641.0,2185,소
1149,뷰티스킨,641.0,2186,소
2535,SOL 초단기채권액티브,641.0,2187,소
1151,TKG애강,640.0,2188,소
1150,링네트,640.0,2189,소
1152,플레이위드,639.0,2190,소
2538,아모레G우,638.0,2191,소
2537,GS우,638.0,2192,소
1153,디엔에이링크,638.0,2193,소
1154,한독크린텍,636.0,2194,소
2539,핸즈코퍼레이션,635.0,2195,소
1155,원익,635.0,2196,소
2540,서원,634.0,2197,소
2541,문배철강,634.0,2198,소
1156,프리엠스,634.0,2199,소
1157,승일,633.0,2200,소
2542,신한 인버스 2X WTI원유 선물 ETN(H),633.0,2201,소
1158,큐캐피탈,631.0,2202,소
2543,한국종합기술,630.0,2203,소
1159,뉴트리,630.0,2204,소
1160,이니텍,629.0,2205,소
2544,삼일씨엔에스,628.0,2206,소
2546,대림B&Co,627.0,2207,소
2545,다이나믹디자인,627.0,2208,소
1161,한빛소프트,627.0,2209,소
2547,사조씨푸드,627.0,2210,소
1162,SGC이테크건설,626.0,2211,소
1163,어스앤에어로스페이스,624.0,2212,소
2548,삼정펄프,624.0,2213,소
1164,태양,623.0,2214,소
1165,썸에이지,622.0,2215,소
2549,SK케미칼우,622.0,2216,소
1166,메가엠디,621.0,2217,소
2550,미래에셋 레버리지 코스닥150 선물 ETN,621.0,2218,소
2551,두산2우B,621.0,2219,소
1168,원익큐브,621.0,2220,소
1167,동국알앤에스,621.0,2221,소
2552,HANARO Fn K-POP&미디어,620.0,2222,소
1169,대명소노시즌,619.0,2223,소
1170,화신정공,618.0,2224,소
1171,위세아이텍,617.0,2225,소
1172,압타머사이언스,616.0,2226,소
2553,히어로즈 26-09 회사채(AA-이상)액티브,616.0,2227,소
1174,소프트센,616.0,2228,소
1175,효성오앤비,616.0,2229,소
1173,일신바이오,616.0,2230,소
1176,나노씨엠에스,615.0,2231,소
2554,TIGER 경기방어,614.0,2232,소
1177,아이엠,614.0,2233,소
1178,아이크래프트,614.0,2234,소
2555,KB Wise 분할매매 ETN,612.0,2235,소
1179,에스씨엠생명과학,612.0,2236,소
2556,DSR제강,610.0,2237,소
1180,대주산업,609.0,2238,소
2557,성보화학,608.0,2239,소
1181,해성티피씨,608.0,2240,소
1182,웨스트라이즈,607.0,2241,소
1184,제일바이오,606.0,2242,소
1183,큐로컴,606.0,2243,소
2558,ACE G2전기차&자율주행액티브,604.0,2244,소
1185,에이에프더블류,604.0,2245,소
1186,한일화학,603.0,2246,소
1187,코아시아씨엠,600.0,2247,소
2559,하나 블룸버그 -2X 천연가스 선물 ETN(H),600.0,2248,소
1190,전진바이오팜,599.0,2249,소
1189,한국가구,599.0,2250,소
1188,에이치시티,599.0,2251,소
1191,프리시젼바이오,598.0,2252,소
1192,큐리언트,597.0,2253,소
2560,메리츠 블룸버그 -2X 천연가스 선물 ETN(H),597.0,2254,소
1193,핸디소프트,597.0,2255,소
1194,아스트,596.0,2256,소
1195,한국팩키지,596.0,2257,소
1196,코위버,596.0,2258,소
1197,씨유테크,595.0,2259,소
1198,CNT85,594.0,2260,소
2561,대신 인버스 천연가스 선물 ETN(H),594.0,2261,소
1199,피엠티,594.0,2262,소
1200,휴엠앤씨,594.0,2263,소
1201,유투바이오,594.0,2264,소
2562,KODEX 국고채10년액티브,593.0,2265,소
1202,휴맥스홀딩스,592.0,2266,소
1203,파워넷,592.0,2267,소
2563,ARIRANG 미국S&P500(H),592.0,2268,소
2564,한화솔루션우,591.0,2269,소
1205,에스에이티이엔지,590.0,2270,소
2565,KODEX 200미국채혼합,590.0,2271,소
1204,바른손,590.0,2272,소
1206,팬젠,588.0,2273,소
1207,비씨월드제약,588.0,2274,소
2566,ACE 미국빅테크TOP7 Plus,588.0,2275,소
1208,산돌,587.0,2276,소
1209,스튜디오산타클로스,586.0,2277,소
1211,에이프로젠 H&G,585.0,2278,소
1210,디티앤씨,585.0,2279,소
2567,SJM,584.0,2280,소
1212,지엔코,584.0,2281,소
1213,옵티시스,584.0,2282,소
1215,엔텔스,583.0,2283,소
1214,플레이디,583.0,2284,소
2568,티에이치엔,582.0,2285,소
2569,부국증권우,582.0,2286,소
2571,영흥,582.0,2287,소
2570,에쓰씨엔지니어링,582.0,2288,소
1216,클라우드에어,582.0,2289,소
1217,컬러레이,582.0,2290,소
1218,ITX-AI,581.0,2291,소
1219,에너토크,580.0,2292,소
2572,IHQ,579.0,2293,소
1220,신도기연,578.0,2294,소
1221,서암기계공업,578.0,2295,소
2573,에스메디,577.0,2296,소
1222,배럴,577.0,2297,소
1223,율촌,576.0,2298,소
1224,브레인즈컴퍼니,575.0,2299,소
1225,더블유에스아이,575.0,2300,소
1226,네오오토,574.0,2301,소
1227,원바이오젠,574.0,2302,소
1228,화성밸브,574.0,2303,소
1229,와이엠,573.0,2304,소
1231,티엘아이,573.0,2305,소
1230,와이즈버즈,573.0,2306,소
1232,아이톡시,569.0,2307,소
1233,모아텍,569.0,2308,소
1234,대유,568.0,2309,소
2574,ARIRANG K방산Fn,568.0,2310,소
2575,TIMEFOLIO Kstock액티브,568.0,2311,소
2576,비상교육,568.0,2312,소
1236,뉴인텍,568.0,2313,소
1235,동양파일,568.0,2314,소
1237,아세아텍,566.0,2315,소
1239,SG,565.0,2316,소
1238,누보,565.0,2317,소
1240,케이엠,564.0,2318,소
2578,KODEX 차이나H레버리지(H),564.0,2319,소
2577,메타랩스,564.0,2320,소
1242,세림B&G,563.0,2321,소
1243,우원개발,563.0,2322,소
1241,NHN벅스,563.0,2323,소
1244,일지테크,560.0,2324,소
1245,삼륭물산,560.0,2325,소
2579,시디즈,560.0,2326,소
1246,바이오인프라,559.0,2327,소
2581,키움 미국달러선물 ETN,558.0,2328,소
2580,모나미,558.0,2329,소
1247,티엔엔터테인먼트,556.0,2330,소
1248,나노브릭,555.0,2331,소
1249,디지캡,555.0,2332,소
1250,이노테라피,554.0,2333,소
1251,백금T&A,553.0,2334,소
2582,KODEX 아시아달러채권SRI플러스액티브,553.0,2335,소
2583,SOL 24-12 회사채(AA-이상)액티브,552.0,2336,소
1252,대창스틸,552.0,2337,소
1253,진매트릭스,551.0,2338,소
1254,시티랩스,550.0,2339,소
2584,KBSTAR 중국본토대형주CSI100,549.0,2340,소
2586,한창제지,548.0,2341,소
2585,세원이앤씨,548.0,2342,소
1255,티에스넥스젠,546.0,2343,소
2588,신세계건설,545.0,2344,소
2587,TIGER 200 에너지화학,545.0,2345,소
1257,오스템,544.0,2346,소
1256,세원물산,544.0,2347,소
1258,밸로프,544.0,2348,소
1259,시지트로닉스,544.0,2349,소
1260,이즈미디어,543.0,2350,소
1261,쌍용정보통신,542.0,2351,소
2589,QV 레버리지 S&P500 ETN,542.0,2352,소
2590,미래에셋증권우,541.0,2353,소
2591,롯데칠성우,541.0,2354,소
1263,엘엠에스,541.0,2355,소
1262,블루콤,541.0,2356,소
1264,옴니시스템,541.0,2357,소
2592,선도전기,540.0,2358,소
1265,빅텐츠,540.0,2359,소
1266,한네트,539.0,2360,소
1267,셀리드,539.0,2361,소
2594,KB 인버스 천연가스 선물 ETN,539.0,2362,소
2593,KBSTAR 고배당,539.0,2363,소
1268,메디프론,538.0,2364,소
1269,삼영엠텍,538.0,2365,소
1271,TPC,537.0,2366,소
1270,인지소프트,537.0,2367,소
1272,위즈코프,536.0,2368,소
1273,엠브레인,536.0,2369,소
1274,크린앤사이언스,535.0,2370,소
1275,넥스트아이,535.0,2371,소
2596,대신 S&P 인버스 2X 천연가스 선물 ETN,534.0,2372,소
2595,TIMEFOLIO K바이오액티브,534.0,2373,소
1276,SG&G,532.0,2374,소
2597,현대건설우,532.0,2375,소
1278,파인디지털,531.0,2376,소
1277,이상네트웍스,531.0,2377,소
2598,KBSTAR KP달러채권액티브,531.0,2378,소
1279,오디텍,530.0,2379,소
1283,아이즈비전,529.0,2380,소
1282,우리이앤엘,529.0,2381,소
1281,대유에이피,529.0,2382,소
1280,아이퀘스트,529.0,2383,소
1284,미디어젠,528.0,2384,소
2599,계양전기,527.0,2385,소
1285,오공,527.0,2386,소
2600,SJM홀딩스,526.0,2387,소
2601,티웨이홀딩스,526.0,2388,소
1287,한국테크놀로지,525.0,2389,소
1286,비엘팜텍,525.0,2390,소
2602,영화금속,525.0,2391,소
1288,KB오토시스,524.0,2392,소
2603,갤럭시아에스엠,524.0,2393,소
2604,HANARO 32-10 국고채액티브,523.0,2394,소
2606,TIGER 코스닥150 레버리지,522.0,2395,소
2607,미래에셋 레버리지 코스피200 선물 ETN,522.0,2396,소
2605,QV 코스닥 150 ETN,522.0,2397,소
1289,이루온,522.0,2398,소
1292,하이즈항공,521.0,2399,소
1293,키네마스터,521.0,2400,소
2608,SOL 미국S&P500,521.0,2401,소
1291,파버나인,521.0,2402,소
1290,아이윈,521.0,2403,소
2609,HANARO e커머스,520.0,2404,소
2610,범양건영,519.0,2405,소
1294,앱코,518.0,2406,소
2611,ACE 단기채권알파액티브,517.0,2407,소
1295,원풍,516.0,2408,소
2612,HANARO 종합채권(AA-이상)액티브,516.0,2409,소
1296,고려시멘트,515.0,2410,소
2613,키움 코스피 200 ETN,515.0,2411,소
1297,미코바이오메드,514.0,2412,소
1298,상신전자,514.0,2413,소
1299,TS인베스트먼트,513.0,2414,소
1300,비스토스,512.0,2415,소
1301,삼일기업공사,511.0,2416,소
1304,디와이디,510.0,2417,소
1302,엔에이치스팩20호,510.0,2418,소
1303,쎄니트,510.0,2419,소
1305,코맥스,510.0,2420,소
2615,진양화학,509.0,2421,소
2614,메리츠 KAP 통안채 3개월 ETN,509.0,2422,소
1306,비비씨,509.0,2423,소
2616,KR모터스,507.0,2424,소
1307,바이옵트로,507.0,2425,소
1308,한일진공,506.0,2426,소
2618,MH에탄올,505.0,2427,소
2617,남양유업우,505.0,2428,소
1309,지니틱스,504.0,2429,소
1310,에쎈테크,503.0,2430,소
1311,재영솔루텍,503.0,2431,소
2619,DL이앤씨2우(전환),502.0,2432,소
2621,삼성 레버리지 나스닥 100 ETN(H),501.0,2433,소
2620,ACE 미국달러SOFR금리(합성),501.0,2434,소
1312,핀텔,501.0,2435,소
1313,넥스턴바이오,500.0,2436,소
1314,씨큐브,499.0,2437,소
1316,스페코,498.0,2438,소
1315,KH 건설,498.0,2439,소
1317,지더블유바이텍,496.0,2440,소
1318,현대에이치티,495.0,2441,소
1319,코이즈,495.0,2442,소
1320,한국큐빅,495.0,2443,소
2622,미래에셋 홍콩H 선물 ETN(H),493.0,2444,소
2623,케이탑리츠,492.0,2445,소
1322,케이씨티,492.0,2446,소
1323,신진에스엠,492.0,2447,소
1321,국영지앤엠,492.0,2448,소
1324,엔피디,491.0,2449,소
1325,픽셀플러스,491.0,2450,소
2624,TIGER 미국S&P500레버리지(합성 H),490.0,2451,소
1326,피씨디렉트,489.0,2452,소
1327,알로이스,488.0,2453,소
1328,상지카일룸,488.0,2454,소
1329,마니커에프앤지,487.0,2455,소
1330,케이디켐,487.0,2456,소
1331,아이윈플러스,486.0,2457,소
1332,대신정보통신,485.0,2458,소
1335,동일기연,484.0,2459,소
1334,솔트웨어,484.0,2460,소
1333,푸드웰,484.0,2461,소
1336,멕아이씨에스,484.0,2462,소
2625,일진디스플,484.0,2463,소
2627,대양금속,482.0,2464,소
1337,와이제이엠게임즈,482.0,2465,소
2626,윌비스,482.0,2466,소
1338,아이앤씨,481.0,2467,소
1340,피델릭스,480.0,2468,소
1339,한국맥널티,480.0,2469,소
2628,KODEX WTI원유선물인버스(H),479.0,2470,소
1343,팬스타엔터프라이즈,479.0,2471,소
1342,KBI메탈,479.0,2472,소
1341,정원엔시스,479.0,2473,소
1344,서연탑메탈,479.0,2474,소
1345,휴림네트웍스,478.0,2475,소
2629,KBSTAR 금융채액티브,478.0,2476,소
2630,하이트론,477.0,2477,소
1346,바이온,477.0,2478,소
1347,그린생명과학,476.0,2479,소
1348,아이스크림에듀,476.0,2480,소
1349,바른손이앤에이,476.0,2481,소
2631,바다로19호,476.0,2482,소
2633,모두투어리츠,475.0,2483,소
2632,대유에이텍,475.0,2484,소
2634,TIGER 레버리지,473.0,2485,소
1351,아시아경제,471.0,2486,소
1350,네이블,471.0,2487,소
1353,네오티스,470.0,2488,소
2635,WOORI 단기국공채액티브,470.0,2489,소
1352,윈텍,470.0,2490,소
2636,ACE 삼성그룹섹터가중,469.0,2491,소
1354,에이디엠코리아,469.0,2492,소
1355,라닉스,467.0,2493,소
1357,윌링스,464.0,2494,소
1356,비유테크놀러지,464.0,2495,소
2637,평화홀딩스,464.0,2496,소
1358,YW,463.0,2497,소
2638,KODEX 차이나2차전지MSCI(합성),462.0,2498,소
1359,투비소프트,460.0,2499,소
2639,원림,459.0,2500,소
1361,뉴지랩파마,458.0,2501,소
1360,이노인스트루먼트,458.0,2502,소
2640,에셋플러스 글로벌플랫폼액티브,457.0,2503,소
1362,인바이오,456.0,2504,소
2643,이화산업,456.0,2505,소
2642,대림통상,456.0,2506,소
2641,TIGER 차이나바이오테크SOLACTIVE,456.0,2507,소
1363,윈하이텍,456.0,2508,소
1365,대한과학,455.0,2509,소
1364,이씨에스,455.0,2510,소
1366,디케이앤디,454.0,2511,소
1367,큐로홀딩스,454.0,2512,소
1368,메이슨캐피탈,454.0,2513,소
1369,이미지스,453.0,2514,소
1370,삼진엘앤디,453.0,2515,소
2644,유엔젤,453.0,2516,소
2645,신한 S&P500 VIX S/T 선물 ETN D,452.0,2517,소
1371,오에스피,451.0,2518,소
1372,DGP,450.0,2519,소
2646,KODEX 유럽탄소배출권선물ICE(H),450.0,2520,소
2647,TIGER 글로벌클라우드컴퓨팅INDXX,450.0,2521,소
1375,씨티프라퍼티,450.0,2522,소
1374,협진,450.0,2523,소
1373,싸이버원,450.0,2524,소
2648,삼화전자,449.0,2525,소
2649,하나 Solactive 2X US Tech Top 10 ETN(H),449.0,2526,소
1376,비피도,449.0,2527,소
1377,삼진,448.0,2528,소
1379,폴라리스우노,447.0,2529,소
1378,리더스코스메틱,447.0,2530,소
1380,시큐브,446.0,2531,소
2650,KB 레버리지 나스닥 100 ETN,446.0,2532,소
2651,한국전자홀딩스,445.0,2533,소
1381,아이디피,445.0,2534,소
2652,삼성 코스닥 150 ETN,445.0,2535,소
2653,솔루스첨단소재1우,443.0,2536,소
1383,삼성스팩8호,443.0,2537,소
1382,서전기전,443.0,2538,소
2654,ACE 미국30년국채선물레버리지(합성 H),442.0,2539,소
2655,키움 코스닥 150 ETN,442.0,2540,소
1384,알톤스포츠,441.0,2541,소
2656,형지엘리트,440.0,2542,소
2657,신풍제약우,440.0,2543,소
2658,대한방직,437.0,2544,소
1385,디에스앤엘,437.0,2545,소
2659,KB 레버리지 S&P 500 선물 ETN(H),436.0,2546,소
1387,신화콘텍,436.0,2547,소
1386,대호특수강,436.0,2548,소
1388,코스나인,436.0,2549,소
2660,KBSTAR Fn컨택트대표,435.0,2550,소
2661,KODEX 증권,435.0,2551,소
1389,씨유메디칼,435.0,2552,소
1391,모헨즈,434.0,2553,소
1390,에이티세미콘,434.0,2554,소
1392,한창산업,433.0,2555,소
1393,코디,432.0,2556,소
2662,삼성 코스피 200 ETN,430.0,2557,소
1394,휴럼,430.0,2558,소
2663,ACE 200TR,429.0,2559,소
1396,시큐센,428.0,2560,소
1395,우리엔터프라이즈,428.0,2561,소
2664,대유플러스,426.0,2562,소
2666,한투 코스피 200 ETN,425.0,2563,소
2665,ACE 인도네시아MSCI(합성),425.0,2564,소
1398,바이오로그디바이스,423.0,2565,소
1397,파인텍,423.0,2566,소
1399,세중,422.0,2567,소
2667,파워 200,422.0,2568,소
2668,KBSTAR 게임테마,420.0,2569,소
1401,하나금융25호스팩,420.0,2570,소
1400,세명전기,420.0,2571,소
1402,아이컴포넌트,419.0,2572,소
2669,KOSEF 통안채1년,419.0,2573,소
1403,무림SP,418.0,2574,소
2670,SK디스커버리우,416.0,2575,소
1404,글로본,415.0,2576,소
1405,신라섬유,415.0,2577,소
2671,KODEX K-신재생에너지액티브,415.0,2578,소
2674,KODEX 미국배당프리미엄액티브,413.0,2579,소
1406,케이씨피드,413.0,2580,소
2672,TIGER 유로스탁스50(합성 H),413.0,2581,소
2673,국동,413.0,2582,소
1408,신원종합개발,412.0,2583,소
1407,대성미생물,412.0,2584,소
2675,KODEX 미국S&P500배당귀족커버드콜(합성 H),412.0,2585,소
1409,나노캠텍,411.0,2586,소
2676,대신 인버스 2X 알루미늄 선물 ETN(H),410.0,2587,소
1410,포커스에이치엔에스,410.0,2588,소
2677,삼성 미국 대형 성장주 ETN,409.0,2589,소
1411,아이티아이즈,409.0,2590,소
1412,부스타,408.0,2591,소
1413,핑거스토리,408.0,2592,소
2678,신한 레버리지 S&P500 선물 ETN,407.0,2593,소
1414,서울제약,407.0,2594,소
1415,ES큐브,406.0,2595,소
2679,TIGER 차이나HSCEI,406.0,2596,소
1417,드래곤플라이,406.0,2597,소
2680,국보,406.0,2598,소
1416,예림당,406.0,2599,소
1418,THE E&M,405.0,2600,소
2681,한투 코스피 양매도 3% OTM ETN,404.0,2601,소
1419,세화피앤씨,404.0,2602,소
1421,카스,403.0,2603,소
2682,HANARO Fn K-뉴딜디지털플러스,403.0,2604,소
1420,옵티코어,403.0,2605,소
1424,동양에스텍,402.0,2606,소
2683,HANARO 글로벌럭셔리S&P(합성),402.0,2607,소
1423,해성옵틱스,402.0,2608,소
1422,포메탈,402.0,2609,소
1425,유니온커뮤니티,401.0,2610,소
2684,전방,399.0,2611,소
2685,카프로,399.0,2612,소
1426,영우디에스피,399.0,2613,소
1427,파인디앤씨,399.0,2614,소
1428,삼영이엔씨,397.0,2615,소
1429,토탈소프트,396.0,2616,소
2686,WISCOM,396.0,2617,소
1430,플랜티넷,395.0,2618,소
1431,휴네시온,393.0,2619,소
1432,원일특강,393.0,2620,소
1433,GH신소재,393.0,2621,소
1434,오리엔트정공,392.0,2622,소
1435,나노,392.0,2623,소
1436,웰킵스하이텍,391.0,2624,소
1437,비플라이소프트,390.0,2625,소
1438,지란지교시큐리티,389.0,2626,소
2688,화인베스틸,389.0,2627,소
2687,DL이앤씨우,389.0,2628,소
1439,리노스,388.0,2629,소
2689,TBH글로벌,388.0,2630,소
1440,성우테크론,387.0,2631,소
2691,TIGER 글로벌BBIG액티브,387.0,2632,소
2690,DL우,387.0,2633,소
1443,블레이드 Ent,386.0,2634,소
2692,삼성 블룸버그 인버스 2X WTI원유 선물 ETN,386.0,2635,소
1442,상상인인더스트리,386.0,2636,소
1441,에스폴리텍,386.0,2637,소
2694,TIGER 미국나스닥100레버리지(합성),385.0,2638,소
1444,성창오토텍,385.0,2639,소
2693,세우글로벌,385.0,2640,소
2695,TIGER KRX인터넷K-뉴딜,384.0,2641,소
1445,엔시트론,384.0,2642,소
1447,윙입푸드,383.0,2643,소
1446,룽투코리아,383.0,2644,소
1448,신시웨이,383.0,2645,소
2697,부산주공,383.0,2646,소
2696,동일제강,383.0,2647,소
1449,디모아,382.0,2648,소
2698,TIGER 인버스,381.0,2649,소
1450,SGA솔루션즈,381.0,2650,소
2700,유화증권우,380.0,2651,소
2699,신한 레버리지 금 선물 ETN,380.0,2652,소
2701,HANARO CAPEX설비투자iSelect,380.0,2653,소
2704,동양고속,378.0,2654,소
2703,우진아이엔에스,378.0,2655,소
2702,참엔지니어링,378.0,2656,소
1452,판타지오,378.0,2657,소
1451,소프트캠프,378.0,2658,소
2705,비비안,377.0,2659,소
1453,앤씨앤,376.0,2660,소
1454,디젠스,376.0,2661,소
2706,KODEX 200롱코스닥150숏선물,376.0,2662,소
2707,KODEX Fn시스템반도체,375.0,2663,소
2708,TIGER 200 헬스케어,374.0,2664,소
1455,네오펙트,374.0,2665,소
2711,세기상사,373.0,2666,소
2710,태원물산,373.0,2667,소
2709,미래에셋 KRX금현물 Auto-KO-C 2312-01 ETN,373.0,2668,소
1456,디와이씨,373.0,2669,소
1457,프로티아,373.0,2670,소
1458,대성파인텍,372.0,2671,소
1459,알티캐스트,372.0,2672,소
1460,진바이오텍,371.0,2673,소
2712,KODEX 일본TOPIX100,369.0,2674,소
1463,에스에너지,369.0,2675,소
1461,한탑,369.0,2676,소
1464,셀바이오휴먼텍,369.0,2677,소
1462,케스피온,369.0,2678,소
1465,풍강,368.0,2679,소
1466,코리아에셋투자증권,367.0,2680,소
2713,미래에셋 인버스 2X 원유선물혼합 ETN(H),366.0,2681,소
1467,이노룰스,366.0,2682,소
2714,KB 블룸버그 레버리지 천연가스 선물 ETN,365.0,2683,소
1469,서울리거,365.0,2684,소
1468,디딤이앤에프,365.0,2685,소
2715,삼성 미국 대형 성장주 ETN(H),364.0,2686,소
1470,우진비앤지,364.0,2687,소
1471,이엠앤아이,363.0,2688,소
1472,제이에스티나,363.0,2689,소
2716,QV S&P500 버퍼10% 9월 ETN,362.0,2690,소
2717,SOL 200 Top10,361.0,2691,소
2718,KODEX 미국채10년선물,361.0,2692,소
1473,빛샘전자,360.0,2693,소
2719,삼성 레버리지 은 선물 ETN(H),359.0,2694,소
2720,TIGER 차이나전기차레버리지(합성),358.0,2695,소
1474,대동스틸,358.0,2696,소
1476,딜리,357.0,2697,소
1475,한국유니온제약,357.0,2698,소
2721,호텔신라우,357.0,2699,소
1479,메디콕스,356.0,2700,소
1477,이스트아시아홀딩스,356.0,2701,소
1478,알파홀딩스,356.0,2702,소
2722,KODEX 미국달러선물인버스,356.0,2703,소
1480,엔피케이,355.0,2704,소
2723,ACE 엔비디아채권혼합블룸버그,355.0,2705,소
1482,기산텔레콤,354.0,2706,소
1481,케이바이오,354.0,2707,소
1484,프럼파스트,353.0,2708,소
2724,TIGER KRX2차전지K-뉴딜레버리지,353.0,2709,소
1483,다산솔루에타,353.0,2710,소
2725,KODEX 코스피TR,352.0,2711,소
1485,와토스코리아,352.0,2712,소
2726,삼성 미국 대형 가치주 ETN,351.0,2713,소
1486,뉴보텍,351.0,2714,소
1487,신한제11호스팩,350.0,2715,소
2728,한투 인버스 2X 나스닥 100 ETN,350.0,2716,소
2727,KODEX 차이나H,350.0,2717,소
1488,세동,350.0,2718,소
1489,토박스코리아,350.0,2719,소
1490,피앤씨테크,349.0,2720,소
2729,ACE 중장기국공채액티브,348.0,2721,소
1491,메디앙스,348.0,2722,소
1492,제이엠아이,347.0,2723,소
1493,KH 전자,347.0,2724,소
1494,SGA,347.0,2725,소
1495,알엔투테크놀로지,347.0,2726,소
2730,KODEX K-친환경선박액티브,346.0,2727,소
1496,엑서지21,346.0,2728,소
1498,DSEN,345.0,2729,소
1497,로지시스,345.0,2730,소
2731,미래아이앤지,345.0,2731,소
1499,아즈텍WB,344.0,2732,소
2733,KBSTAR 중국본토CSI300,342.0,2733,소
2732,하나 레버리지 콩 선물 ETN(H),342.0,2734,소
2734,HANARO 200선물레버리지,341.0,2735,소
2736,한성기업,340.0,2736,소
2735,한국주강,340.0,2737,소
2737,QV 코스피 200 ETN,339.0,2738,소
2738,TIGER 미국나스닥바이오,338.0,2739,소
2739,KODEX 삼성전자채권혼합Wise,338.0,2740,소
2740,신한 레버리지 다우존스지수 선물 ETN(H),337.0,2741,소
2741,유안타증권우,333.0,2742,소
2742,신한 구리 선물 ETN(H),332.0,2743,소
2743,KODEX 인도Nifty50레버리지(합성),331.0,2744,소
2744,경인전자,331.0,2745,소
2746,TIGER 골드선물(H),330.0,2746,소
2747,ARIRANG ESG가치주액티브,330.0,2747,소
2745,KODEX 200ESG,330.0,2748,소
2748,SUN&L,328.0,2749,소
2749,KOSEF 미국달러선물,328.0,2750,소
2750,에넥스,328.0,2751,소
2751,이스타코,325.0,2752,소
2752,성문전자,325.0,2753,소
2753,KODEX IT,324.0,2754,소
2754,KODEX KRX기후변화솔루션,323.0,2755,소
2755,TIGER KEDI혁신기업ESG30,322.0,2756,소
2756,동원수산,321.0,2757,소
2758,삼성 블룸버그 레버리지 WTI원유 선물 ETN,320.0,2758,소
2757,대신343 K200,320.0,2759,소
2759,주연테크,317.0,2760,소
2761,하나 Solactive US Tech Top 10 ETN(H),316.0,2761,소
2760,삼성 레버리지 금 선물 ETN(H),316.0,2762,소
2762,금호전기,315.0,2763,소
2763,삼성 미국 대형 가치주 ETN(H),313.0,2764,소
2764,대신 레버리지 코스닥 150 선물 ETN,312.0,2765,소
2765,한투 인버스 0.5X S&P500 VIX S/T 선물 ETN,312.0,2766,소
2766,KBSTAR 국채선물5년추종인버스,312.0,2767,소
2767,한투 레버리지 코스닥150선물 ETN,312.0,2768,소
2768,삼성 인버스 0.5X S&P500 VIX S/T선물 ETN,311.0,2769,소
2769,KB 천연가스 선물 ETN(H),311.0,2770,소
2771,한투 블룸버그 인버스 2X WTI원유 선물 ETN,310.0,2771,소
2770,KODEX 미국달러선물레버리지,310.0,2772,소
2772,삼성 레버리지 코스닥150 선물 ETN,309.0,2773,소
2773,ACE 포스코그룹포커스,308.0,2774,소
2774,TIGER 미국S&P500배당귀족,308.0,2775,소
2775,KBSTAR 국고채3년선물인버스,308.0,2776,소
2776,하나 -0.5X S&P500 VIX S/T 선물 ETN(H),306.0,2777,소
2777,메리츠 KAP 통안채 6개월 ETN,305.0,2778,소
2778,BYC우,303.0,2779,소
2779,TIGER 200IT레버리지,303.0,2780,소
2780,KODEX 고배당,301.0,2781,소
2781,QV 블룸버그 -2X 천연가스 선물 ETN(H),300.0,2782,소
2782,신한 콩 선물 ETN(H),299.0,2783,소
2783,신풍,298.0,2784,소
2784,하나 레버리지 코스닥150 선물 ETN,297.0,2785,소
2785,TIGER S&P글로벌헬스케어(합성),295.0,2786,소
2787,KOSEF 릭소글로벌퓨처모빌리티MSCI,294.0,2787,소
2786,신한 금 선물 ETN(H),294.0,2788,소
2788,TIGER 삼성그룹펀더멘털,293.0,2789,소
2789,ARIRANG 미국장기우량회사채,293.0,2790,소
2790,삼성 China A50 선물 ETN(H),293.0,2791,소
2791,삼성 인버스 2X 나스닥 100 ETN(H),292.0,2792,소
2792,삼성 레버리지 China A50 선물 ETN(H),291.0,2793,소
2793,미래에셋 KRX금현물 Auto-KO-C 2810-01 ETN,291.0,2794,소
2794,삼성 KRX 금현물 ETN,288.0,2795,소
2795,미래에셋 인버스 2X 코스피200 선물 ETN,287.0,2796,소
2798,미래에셋 원유선물혼합 ETN(H),286.0,2797,소
2796,TIGER 퓨처모빌리티액티브,286.0,2798,소
2797,TIGER 코스피고배당,286.0,2799,소
2799,롯데지주우,284.0,2800,소
2800,KBSTAR 국고채3년,283.0,2801,소
2801,KBSTAR 2차전지TOP10,282.0,2802,소
2802,TIGER 미국나스닥100TR채권혼합Fn,281.0,2803,소
2803,WOORI 대한민국국고채액티브,280.0,2804,소
2804,KODEX 철강,279.0,2805,소
2805,ARIRANG 코스피50,278.0,2806,소
2806,TIGER 미국배당+3%프리미엄다우존스,275.0,2807,소
2807,TIGER 인도니프티50레버리지(합성),274.0,2808,소
2808,삼성 레버리지 KRX 2차전지 K-뉴딜 ETN,273.0,2809,소
2809,KODEX 코스피100,273.0,2810,소
2810,신한 브렌트원유 선물 ETN(H),272.0,2811,소
2811,두산퓨얼셀2우B,271.0,2812,소
2812,KODEX K-미래차액티브,268.0,2813,소
2813,한국ANKOR유전,267.0,2814,소
2814,KBSTAR 글로벌4차산업IT(합성 H),266.0,2815,소
2815,대교우B,265.0,2816,소
2816,제이준코스메틱,265.0,2817,소
2817,한솔PNS,265.0,2818,소
2818,신한 레버리지 미국달러 선물 ETN,264.0,2819,소
2819,KODEX 미국S&P500에너지(합성),264.0,2820,소
2820,SOL 미국TOP5채권혼합40 Solactive,263.0,2821,소
2821,한화투자증권우,263.0,2822,소
2823,ARIRANG 미국나스닥테크,263.0,2823,소
2822,진도,263.0,2824,소
2824,대한항공우,262.0,2825,소
2825,TIGER 200TR,262.0,2826,소
2829,KODEX 탄소효율그린뉴딜,261.0,2827,소
2826,삼성 레버리지 코스피200 선물 ETN,261.0,2828,소
2828,KODEX 차이나심천ChiNext(합성),261.0,2829,소
2827,KOSEF 국고채3년,261.0,2830,소
2831,메리츠 레버리지 미국채30년 ETN(H),259.0,2831,소
2830,SHD,259.0,2832,소
2834,KBSTAR 내수주플러스,257.0,2833,소
2832,세방우,257.0,2834,소
2833,TIGER 글로벌멀티에셋TIF액티브,257.0,2835,소
2838,미래에셋 중국 심천 100 ETN,256.0,2836,소
2835,한투 블룸버그 레버리지 WTI원유 선물 ETN,256.0,2837,소
2836,KODEX 차이나A50,256.0,2838,소
2837,신한 은 선물 ETN(H),256.0,2839,소
2839,신한 레버리지 코스피 200 선물 ETN,255.0,2840,소
2840,미래에셋 -2X 미국채울트라30년 선물 ETN,255.0,2841,소
2843,KODEX KRX300,253.0,2842,소
2842,녹십자홀딩스2우,253.0,2843,소
2841,ACE 일본Nikkei225(H),253.0,2844,소
2844,TIGER 리츠부동산인프라채권TR KIS,251.0,2845,소
2845,SOL KIS단기통안채,250.0,2846,소
2846,TIGER KRX게임K-뉴딜,249.0,2847,소
2847,KODEX 건설,248.0,2848,소
2848,KODEX 유럽명품TOP10 STOXX,248.0,2849,소
2849,SOL 코스닥150,245.0,2850,소
2851,메리츠 미국채10년 ETN(H),242.0,2851,소
2850,메리츠 레버리지 인플레이션 국채 ETN,242.0,2852,소
2853,KB 인버스 2X KOSDAQ 150 선물 ETN,239.0,2853,소
2854,KODEX S&P글로벌인프라(합성),239.0,2854,소
2855,대신 인버스 2X 코스닥 150 선물 ETN,239.0,2855,소
2852,KODEX 글로벌로봇(합성),239.0,2856,소
2858,한창,237.0,2857,소
2859,KODEX 미디어&엔터테인먼트,237.0,2858,소
2857,ACE ESG액티브,237.0,2859,소
2856,ACE 미국친환경그린테마INDXX,237.0,2860,소
2860,TIGER 은행고배당플러스TOP10,235.0,2861,소
2861,한투 레버리지 금 선물 ETN,235.0,2862,소
2862,TIGER 원유선물Enhanced(H),234.0,2863,소
2863,KBSTAR 중장기국공채액티브,233.0,2864,소
2864,한투 인버스 2X 구리 선물 ETN,232.0,2865,소
2865,메리츠 인버스 천연가스 선물 ETN(H),231.0,2866,소
2866,KODEX TRF5050,231.0,2867,소
2867,미래에셋 인버스 천연가스 선물 ETN(H),231.0,2868,소
2868,SOL 미국S&P500ESG,230.0,2869,소
2869,ACE 2차전지&친환경차액티브,230.0,2870,소
2870,삼성 레버리지 나스닥 100 ETN,229.0,2871,소
2872,ARIRANG 미국단기우량회사채,229.0,2872,소
2871,KODEX 게임산업,229.0,2873,소
2874,신한 인버스 코스피 200 선물 ETN,228.0,2874,소
2873,대신 레버리지 KRX 금현물 ETN,228.0,2875,소
2877,KODEX TRF7030,227.0,2876,소
2876,미래에셋 인버스 코스피200 선물 ETN,227.0,2877,소
2875,메리츠 인플레이션 국채 ETN,227.0,2878,소
2878,KBSTAR 200선물인버스2X,225.0,2879,소
2879,TIGER 구리실물,223.0,2880,소
2881,KBSTAR 배터리 리사이클링iSelect,223.0,2881,소
2880,TIGER 200커버드콜ATM,223.0,2882,소
2882,TIGER KRX기후변화솔루션,222.0,2883,소
2883,TIGER 글로벌AI&로보틱스 INDXX,221.0,2884,소
2884,TIGER 글로벌AI액티브,220.0,2885,소
2885,KODEX TDF2050액티브,219.0,2886,소
2886,ARIRANG ESG성장주액티브,218.0,2887,소
2887,KODEX 배당성장채권혼합,216.0,2888,소
2888,QV 인버스 레버리지 구리 선물 ETN(H),216.0,2889,소
2889,신한 다우존스지수 선물 ETN(H),215.0,2890,소
2890,ACE 국고채3년,215.0,2891,소
2894,TIGER 차이나클린에너지SOLACTIVE,214.0,2892,소
2891,QV 미국 IT TOP5 ETN(H),214.0,2893,소
2892,메리츠 인버스 2X 구리 선물 ETN(H),214.0,2894,소
2893,한투 인버스 2X 베트남 VN30 선물 ETN(H),214.0,2895,소
2895,KODEX 미국러셀2000(H),213.0,2896,소
2897,QV 레버리지 금 선물 ETN(H),209.0,2897,소
2896,SOL 국고채3년,209.0,2898,소
2898,메리츠 레버리지 금 선물 ETN(H),208.0,2899,소
2900,ACE 코스닥150,207.0,2900,소
2901,마이티 다이나믹퀀트액티브,207.0,2901,소
2899,대신 철광석 선물 ETN(H) B,207.0,2902,소
2902,LX하우시스우,206.0,2903,소
2903,키움 인버스 미국달러선물 ETN,206.0,2904,소
2904,삼성 레버리지 S&P500 선물 ETN,206.0,2905,소
2905,메리츠 KIS 통안채 1년 ETN,203.0,2906,소
2907,코아스,202.0,2907,소
2906,메리츠 인버스 국채3년 ETN,202.0,2908,소
2908,메리츠 레버리지 국채30년 ETN,200.0,2909,소
2909,KODEX 차이나과창판STAR50(합성),200.0,2910,소
2911,신한 인버스 2X 다우존스지수 선물 ETN(H),199.0,2911,소
2912,TIGER 미국달러선물인버스2X,199.0,2912,소
2910,미래에셋 -2X 홍콩H 선물 ETN(H),199.0,2913,소
2917,대덕전자1우,197.0,2914,소
2913,한투 인버스 2X 금 선물 ETN,197.0,2915,소
2914,TIGER Fn신재생에너지,197.0,2916,소
2915,신한 옥수수 선물 ETN(H),197.0,2917,소
2916,삼성 인버스 2X S&P500 선물 ETN,197.0,2918,소
2919,TIGER MKF배당귀족,196.0,2919,소
2920,신한 K200 USD 선물 바이셀 ETN,196.0,2920,소
2921,QV iSelect 글로벌 EMP ETN(H),196.0,2921,소
2918,대상우,196.0,2922,소
2923,TIGER 200 건설,194.0,2923,소
2924,넥센타이어1우B,194.0,2924,소
2922,미래에셋 레버리지 옥수수 선물 ETN,194.0,2925,소
2925,미래에셋 2X 홍콩H 선물 ETN,193.0,2926,소
2926,KBSTAR 200선물레버리지,193.0,2927,소
2927,메리츠 국채10년 ETN,193.0,2928,소
2931,태양금속우,192.0,2929,소
2930,KODEX 코스피대형주,192.0,2930,소
2929,TIGER 코스닥150바이오테크,192.0,2931,소
2928,비케이탑스,192.0,2932,소
2932,TIGER 차이나항셍테크레버리지(합성 H),190.0,2933,소
2933,KBSTAR 차이나HSCEI(H),187.0,2934,소
2934,KBSTAR 미국S&P원유생산기업(합성 H),184.0,2935,소
2936,미래에셋 코스닥150 선물 ETN,183.0,2936,소
2938,SOL 자동차소부장Fn,183.0,2937,소
2939,신한 인버스 코스닥 150 선물 ETN,183.0,2938,소
2935,ACE 아시아TOP50S&P,183.0,2939,소
2937,QV 블룸버그 2X 천연가스 선물 ETN(H),183.0,2940,소
2940,TIGER 농산물선물Enhanced(H),182.0,2941,소
2941,HANARO Fn전기&수소차,182.0,2942,소
2943,KBSTAR 미국S&P500(H),182.0,2943,소
2942,ARIRANG 우량회사채50 1년,182.0,2944,소
2944,메리츠 레버리지 대표 농산물 선물 ETN(H),181.0,2945,소
2945,SOL 한국형글로벌반도체액티브,181.0,2946,소
2948,메리츠 인버스 2X 금 선물 ETN(H),180.0,2947,소
2946,HANARO 코스닥150,180.0,2948,소
2947,코리아써우,180.0,2949,소
2949,미래에셋 인버스 코스닥150 선물 ETN,178.0,2950,소
2950,ACE 러시아MSCI(합성),177.0,2951,소
2951,FOCUS AI코리아액티브,177.0,2952,소
2952,하나 레버리지 옥수수 선물 ETN(H),176.0,2953,소
2953,한투 인버스 2X 플래티넘 선물 ETN,176.0,2954,소
2954,KODEX 배당성장,176.0,2955,소
2956,SOL 글로벌탄소배출권선물ICE(합성),175.0,2956,소
2955,QV 인버스 레버리지 금 선물 ETN(H),175.0,2957,소
2957,하이트진로2우B,174.0,2958,소
2959,신한 코스닥 150 ETN,174.0,2959,소
2958,KODEX 3대농산물선물(H),174.0,2960,소
2960,KODEX 200exTOP,173.0,2961,소
2961,TIGER 배당성장,173.0,2962,소
2962,TIGER 차이나반도체FACTSET,172.0,2963,소
2965,메리츠 미국 인플레이션 국채 ETN(H),171.0,2964,소
2964,한투 인버스 2X 은 선물 ETN,171.0,2965,소
2963,한투 인버스 2X 유로스탁스50 ETN(H) B,171.0,2966,소
2968,대한제당우,170.0,2967,소
2967,미래에셋 인버스 2X 은 선물 ETN,170.0,2968,소
2969,대신 S&P 2X 천연가스 선물 ETN B,170.0,2969,소
2966,미래에셋 코스피200 선물 ETN,170.0,2970,소
2970,신한 코스피 200 ETN,170.0,2971,소
2971,에이리츠,168.0,2972,소
2973,신한 FnGuide 치킨 ETN,167.0,2973,소
2972,대신 2X 철광석 선물 ETN(H),167.0,2974,소
2974,TIGER 원유선물인버스(H),166.0,2975,소
2975,KB CSI 500 ETN,165.0,2976,소
2978,삼양홀딩스우,162.0,2977,소
2979,메리츠 인버스 2X 국채30년 ETN,162.0,2978,소
2977,메리츠 인버스 2X 미국채30년 ETN(H),162.0,2979,소
2976,KB CSI 300 ETN,162.0,2980,소
2982,FOCUS KRX300,161.0,2981,소
2981,KBSTAR 글로벌메타버스Moorgate,161.0,2982,소
2980,ACE 일본TOPIX레버리지(H),161.0,2983,소
2983,에셋플러스 코리아플랫폼액티브,160.0,2984,소
2988,TIGER 탄소효율그린뉴딜,159.0,2985,소
2984,미래에셋 레버리지 은 선물 ETN,159.0,2986,소
2985,KBSTAR 200선물인버스,159.0,2987,소
2986,한투 레버리지 은 선물 ETN,159.0,2988,소
2987,미래에셋 인버스 2X 옥수수 선물 ETN,159.0,2989,소
2991,삼성 인버스 2X 나스닥 100 ETN,158.0,2990,소
2989,TIGER 스페이스테크iSelect,158.0,2991,소
2992,메리츠 인버스 2X 대표 농산물 선물 ETN(H),158.0,2992,소
2990,신한 레버리지 구리 선물 ETN,158.0,2993,소
2993,메리츠 인버스 2X 미국채10년 ETN(H),157.0,2994,소
2994,KODEX TSE일본리츠(H),157.0,2995,소
2995,QV 인버스 미국 IT TOP5 ETN(H),157.0,2996,소
3002,SOL 의료기기소부장Fn,156.0,2997,소
2996,삼성 KRX 리츠 TOP10 월배당 ETN,156.0,2998,소
2999,KB 레버리지 KOSDAQ 150 선물 ETN,156.0,2999,소
2997,TIGER 코스닥150선물인버스,156.0,3000,소
3001,미래에셋 천연가스 선물 ETN(H),156.0,3001,소
3000,하나 S&P 인버스 2X WTI원유 선물 ETN,156.0,3002,소
2998,신한 인버스 2X 구리 선물 ETN,156.0,3003,소
3004,일정실업,155.0,3004,소
3003,메리츠 인버스 2X 은 선물 ETN(H),155.0,3005,소
3005,KB S&P 인버스 2X WTI원유 선물 ETN,155.0,3006,소
3006,한투 FTSE100 ETN,154.0,3007,소
3007,신한 블룸버그 인버스 2X WTI원유 선물 ETN,154.0,3008,소
3008,QV 블룸버그 -2X WTI원유선물 ETN,154.0,3009,소
3009,노루홀딩스우,154.0,3010,소
3010,삼성 인버스 2X 항셍테크 ETN(H),153.0,3011,소
3011,한투 레버리지 플래티넘 선물 ETN,153.0,3012,소
3012,TIGER 차이나CSI300인버스(합성),153.0,3013,소
3013,QV 인버스 레버리지 은 선물 ETN(H),152.0,3014,소
3014,QV S&P500 VIX S/T 선물 ETN D,151.0,3015,소
3016,한화우,151.0,3016,소
3015,KB 레버리지 항셍테크 선물 ETN(H) B,151.0,3017,소
3018,TIGER 단기선진하이일드(합성 H),150.0,3018,소
3017,HANARO 글로벌탄소배출권선물ICE(합성),150.0,3019,소
3019,삼성 인버스 2X 구리 선물 ETN(H),149.0,3020,소
3020,KBSTAR 삼성그룹Top3채권혼합블룸버그,149.0,3021,소
3021,메리츠 블룸버그 인버스 2X WTI선물 ETN(H),148.0,3022,소
3022,코오롱모빌리티그룹우,146.0,3023,소
3023,KODEX 다우존스미국리츠(H),146.0,3024,소
3024,신한 인버스 옥수수 선물 ETN(H),146.0,3025,소
3025,미래에셋 2X 미국채울트라30년 선물 ETN,146.0,3026,소
3026,KOSEF 국고채10년레버리지,145.0,3027,소
3030,메리츠 블룸버그 2X 천연가스선물 ETN(H) B,144.0,3028,소
3029,신한 인버스 2X 코스피 200 선물 ETN,144.0,3029,소
3028,하나 인버스 2X 옥수수 선물 ETN(H),144.0,3030,소
3031,하나 블룸버그 2X 천연가스 선물 ETN(H) B,144.0,3031,소
3027,NPC우,144.0,3032,소
3032,KOSEF 미국나스닥100(H),143.0,3033,소
3034,메리츠 레버리지 은 선물 ETN(H),143.0,3034,소
3035,ARIRANG 미국채30년액티브,143.0,3035,소
3036,KBSTAR 채권혼합,143.0,3036,소
3033,삼성 인버스 2X 코스피200 선물 ETN,143.0,3037,소
3038,ACE 글로벌메타버스테크액티브,142.0,3038,소
3039,KOSEF 미국달러선물레버리지,142.0,3039,소
3040,KOSEF 코스닥150,142.0,3040,소
3037,QV 레버리지 은 선물 ETN(H),142.0,3041,소
3044,TIGER MSCI KOREA ESG리더스,141.0,3042,소
3042,삼성 인버스 2X HSCEI ETN(H),141.0,3043,소
3041,KODEX 53-09 국고채액티브,141.0,3044,소
3043,코오롱우,141.0,3045,소
3045,신한 인버스 WTI원유 선물 ETN(H),140.0,3046,소
3046,KBSTAR V&S셀렉트밸류채권혼합,140.0,3047,소
3049,삼성 인버스 HSCEI ETN(H),139.0,3048,소
3050,솔루스첨단소재2우B,139.0,3049,소
3051,ARIRANG 선진국MSCI(합성 H),139.0,3050,소
3048,한투 레버리지 구리 선물 ETN,139.0,3051,소
3047,TIGER AI코리아그로스액티브,139.0,3052,소
3053,대신 밀 선물 ETN(H),138.0,3053,소
3052,TIMEFOLIO Korea플러스배당액티브,138.0,3054,소
3055,KB 레버리지 FANG 플러스 ETN(H),137.0,3055,소
3054,KODEX 미국나스닥100선물인버스(H),137.0,3056,소
3056,TIGER K게임,136.0,3057,소
3058,KODEX 미국S&P500산업재(합성),136.0,3058,소
3057,HANARO Fn K-게임,136.0,3059,소
3063,QV 인버스 레버리지 WTI원유 선물 ETN(H),135.0,3060,소
3062,LX홀딩스1우,135.0,3061,소
3061,메리츠 미국레버리지 인플레이션국채ETN(H),135.0,3062,소
3060,한투 인버스 플래티넘 선물 ETN,135.0,3063,소
3059,KODEX 보험,135.0,3064,소
3064,FOCUS ESG리더스,134.0,3065,소
3065,메리츠 인버스 국채30년 ETN,134.0,3066,소
3067,HANARO 단기채권액티브,133.0,3067,소
3068,메리츠 인버스 미국채30년 ETN(H),133.0,3068,소
3069,BNK 주주가치액티브,133.0,3069,소
3066,한진칼우,133.0,3070,소
3070,KBSTAR 헬스케어채권혼합,132.0,3071,소
3071,KB 인버스 2X 밀 선물 ETN,132.0,3072,소
3073,삼성 레버리지 구리 선물 ETN(H),130.0,3073,소
3074,JW중외제약2우B,130.0,3074,소
3075,ACE 미국다우존스리츠(합성 H),130.0,3075,소
3072,신한 인버스 금 선물 ETN(H),130.0,3076,소
3076,한투 레버리지 유로스탁스50 ETN(H) B,129.0,3077,소
3077,코오롱글로벌우,129.0,3078,소
3078,메리츠 인버스 미국채10년 ETN(H),129.0,3079,소
3079,미래에셋 S&P 유럽탄소배출권 선물 ETN,129.0,3080,소
3080,ARIRANG 우주항공&UAM iSelect,129.0,3081,소
3083,KOSEF 미국S&P500,128.0,3082,소
3085,KB 레버리지 KOSPI 200 선물 ETN,128.0,3083,소
3084,신한 블룸버그 레버리지 WTI원유 선물 ETN,128.0,3084,소
3086,하나 S&P 레버리지 WTI원유 선물 ETN,128.0,3085,소
3087,메리츠 레버리지 구리 선물 ETN(H),128.0,3086,소
3082,KODEX KRX300레버리지,128.0,3087,소
3081,QV 블룸버그 2X WTI원유선물 ETN,128.0,3088,소
3089,QV 레버리지 구리 선물 ETN(H),127.0,3089,소
3088,ACE 멕시코MSCI(합성),127.0,3090,소
3091,신한 USD K200 선물 바이셀 ETN,126.0,3091,소
3092,TIGER 유로스탁스배당30,126.0,3092,소
3090,하나 레버리지 구리 선물 ETN(H),126.0,3093,소
3095,한투 S&P 유럽탄소배출권 선물 ETN(H),125.0,3094,소
3093,TIGER TSMC밸류체인FACTSET,125.0,3095,소
3094,QV US 500 월간레버리지 ETN(H),125.0,3096,소
3102,대신 S&P 인버스 WTI원유 선물 ETN,123.0,3097,소
3100,HANARO KOFR금리액티브(합성),123.0,3098,소
3099,메리츠 블룸버그 레버리지 WTI선물 ETN(H),123.0,3099,소
3101,KODEX iShares미국투자등급회사채액티브,123.0,3100,소
3096,메리츠 S&P 유럽탄소배출권 선물 ETN(H),123.0,3101,소
3097,VITA MZ소비액티브,123.0,3102,소
3098,신한 달러인덱스 선물 ETN(H),123.0,3103,소
3103,유유제약1우,122.0,3104,소
3104,KB S&P 레버리지 WTI원유 선물 ETN(H),122.0,3105,소
3105,대신 인버스 2X 철광석 선물 ETN(H),122.0,3106,소
3110,KODEX 에너지화학,121.0,3107,소
3112,TIGER LG그룹+펀더멘털,121.0,3108,소
3109,ARIRANG Apple채권혼합Fn,121.0,3109,소
3111,신한 인버스 구리 선물 ETN(H),121.0,3110,소
3108,ARIRANG 미국다우존스고배당주(합성 H),121.0,3111,소
3106,한투 금 선물 ETN,121.0,3112,소
3107,ARIRANG 고배당주채권혼합,121.0,3113,소
3115,미래에셋 FnGuide 부산엑스포 추가수익 ETN,120.0,3114,소
3116,TIMEFOLIO 미국나스닥100액티브,120.0,3115,소
3114,KOSEF 미국달러선물인버스2X,120.0,3116,소
3113,한투 인버스 은 선물 ETN,120.0,3117,소
3117,ACE 주주환원가치주액티브,119.0,3118,소
3118,KODEX 200가치저변동,119.0,3119,소
3119,TIGER 글로벌자원생산기업(합성 H),119.0,3120,소
3120,KODEX 운송,119.0,3121,소
3122,삼성 인버스 2X 은 선물 ETN(H),118.0,3122,소
3123,신한 FnGuide 폐기물처리 ETN,118.0,3123,소
3121,한투 레버리지 베트남 VN30 선물 ETN(H),118.0,3124,소
3125,신한 인버스 콩 선물 ETN(H),116.0,3125,소
3124,삼성 인버스 항셍테크 ETN(H),116.0,3126,소
3127,KOSEF 고배당,115.0,3127,소
3128,메리츠 인버스 2X 국채10년 ETN,115.0,3128,소
3126,ACE 글로벌브랜드TOP10블룸버그,115.0,3129,소
3129,삼성 인버스 코스피 200 선물 ETN,114.0,3130,소
3130,메리츠 인버스 구리 선물 ETN(H),114.0,3131,소
3131,미래에셋 인도네시아 Top5 ETN,114.0,3132,소
3135,QV S&P500 버퍼10% 3월 ETN(H),113.0,3133,소
3132,한투 인버스 금 선물 ETN,113.0,3134,소
3133,한투 인버스 2X 일본 엔선물 ETN,113.0,3135,소
3136,삼성 나스닥 100 ETN(H),113.0,3136,소
3134,TIGER 200 금융,113.0,3137,소
3141,KBSTAR 미국반도체NYSE(H),112.0,3138,소
3138,삼성 인버스 구리 선물 ETN(H),112.0,3139,소
3140,QV S&P500 버퍼10% 6월 ETN(H),112.0,3140,소
3139,KODEX 구리선물(H),112.0,3141,소
3137,파워 코스피100,112.0,3142,소
3142,한투 S&P 인버스 2X 엔달러 선물 ETN(H),111.0,3143,소
3143,KBSTAR 중국MSCI China(H),111.0,3144,소
3144,TIGER KRX300,111.0,3145,소
3145,ACE 미국빅테크TOP7 Plus레버리지(합성),111.0,3146,소
3146,SOL KRX300,111.0,3147,소
3147,메리츠 인버스 국채10년 ETN,110.0,3148,소
3151,ACE 미국IT인터넷S&P(합성 H),110.0,3149,소
3150,HANARO CD금리액티브(합성),110.0,3150,소
3149,삼성 레버리지 항셍테크 ETN(H),110.0,3151,소
3152,JW중외제약우,110.0,3152,소
3148,신한 인버스 2X 미국달러 선물 ETN,110.0,3153,소
3154,메리츠 레버리지 국채5년 ETN,110.0,3154,소
3153,KODEX 코스닥글로벌,110.0,3155,소
3161,TIGER 일본반도체FACTSET,109.0,3156,소
3155,TIGER 글로벌사이버보안INDXX,109.0,3157,소
3160,KOSEF 물가채KIS,109.0,3158,소
3159,KB 인버스 2X 구리 선물 ETN(H),109.0,3159,소
3158,한투 인버스 베트남 VN30 선물 ETN(H),109.0,3160,소
3157,메리츠 KAP 인버스 2X 일본 엔화 ETN,109.0,3161,소
3156,KODEX MSCI KOREA ESG유니버설,109.0,3162,소
3162,KB 레버리지 콩 선물 ETN,108.0,3163,소
3164,메리츠 금 선물 ETN(H),108.0,3164,소
3163,삼성 금 선물 ETN(H),108.0,3165,소
3167,KBSTAR 미국반도체NYSE,107.0,3166,소
3168,히어로즈 25-09 미국채권(AA-이상)액티브,107.0,3167,소
3169,SOL 24-06 국고채액티브,107.0,3168,소
3166,대신 인버스 3X 국채10년 ETN,107.0,3169,소
3165,메리츠 국채5년 ETN,107.0,3170,소
3174,TIMEFOLIO 이노베이션액티브,106.0,3171,소
3173,KODEX 미국S&P500금융,106.0,3172,소
3172,신한 인버스 Russell 2000 ETN,106.0,3173,소
3171,메리츠 레버리지 국채3년 ETN,106.0,3174,소
3170,KB 인버스 2X 항셍테크 선물 ETN,106.0,3175,소
3182,KB 레버리지 금 선물 ETN(H),105.0,3176,소
3175,메리츠 KAP 인버스 2X 중국 위안화 ETN,105.0,3177,소
3176,KBSTAR KRX300,105.0,3178,소
3178,삼성 인버스 China A50 선물 ETN(H),105.0,3179,소
3177,메리츠 국채3년 ETN,105.0,3180,소
3180,KODEX 필수소비재,105.0,3181,소
3181,KBSTAR 미국장기국채선물레버리지(합성 H),105.0,3182,소
3183,TIGER 은행,105.0,3183,소
3179,KODEX 기계장비,105.0,3184,소
3184,QV S&P500 버퍼10% 12월 ETN(H),104.0,3185,소
3185,KB KRX ESG Eco ETN,104.0,3186,소
3186,신한 FnGuide 메타버스 ETN,104.0,3187,소
3187,하나 iSelect-WG 탄소중립 ESG ETN,104.0,3188,소
3188,대신 인버스 국채10년 ETN,104.0,3189,소
3189,삼성 S&P500 ETN,104.0,3190,소
3190,메리츠 대표 농산물 선물 ETN(H),104.0,3191,소
3191,신한 S&P 레버리지 유로 선물 ETN(H),104.0,3192,소
3197,KBSTAR 국채30년레버리지KAP(합성),103.0,3193,소
3194,신한 S&P 유로 선물 ETN(H),103.0,3194,소
3193,KODEX 미국S&P바이오(합성),103.0,3195,소
3195,넥센우,103.0,3196,소
3192,메리츠 인버스 3X 국채10년 ETN,103.0,3197,소
3199,KODEX 미국S&P500테크놀로지,103.0,3198,소
3196,TIGER 200 철강소재,103.0,3199,소
3198,메리츠 3X 레버리지 국채3년 ETN,103.0,3200,소
3200,메리츠 인버스 3X 국채5년 ETN,102.0,3201,소
3202,ACE 미국S&P500채권혼합액티브,102.0,3202,소
3204,KODEX 미국S&P500통신서비스,102.0,3203,소
3203,KODEX KTOP30,102.0,3204,소
3205,신한 S&P 인버스 유로 선물 ETN(H),102.0,3205,소
3201,에셋플러스 코리아대장장이액티브,102.0,3206,소
3207,TIGER 로우볼,101.0,3207,소
3209,TIGER 일본TOPIX(합성 H),101.0,3208,소
3208,메리츠 인버스 3X 국채3년 ETN,101.0,3209,소
3206,KBSTAR 미국고정배당우선증권ICE TR,101.0,3210,소
3213,KBSTAR 미국달러SOFR금리액티브(합성),100.0,3211,소
3210,KODEX Fn K-뉴딜디지털플러스,100.0,3212,소
3211,대덕1우,100.0,3213,소
3212,신한 S&P 인버스 2X 유로 선물 ETN(H),100.0,3214,소
3214,TIGER 한중반도체(합성),100.0,3215,소
3215,ARIRANG 일본반도체소부장Solactive,100.0,3216,소
3216,메리츠 3X 레버리지 국채5년 ETN,100.0,3217,소
3217,KODEX 33-06 국고채액티브,100.0,3218,소
3218,HANARO 탄소효율그린뉴딜,100.0,3219,소
3219,메리츠 인버스 국채5년 ETN,100.0,3220,소
3220,대신 국채10년 ETN,99.0,3221,소
3223,TIGER 코스닥글로벌,99.0,3222,소
3225,KOSEF 블루칩,99.0,3223,소
3222,한투 은 선물 ETN,99.0,3224,소
3221,KBSTAR 미국장기국채선물(H),99.0,3225,소
3224,삼성 인버스 은 선물 ETN(H),99.0,3226,소
3229,KODEX iShares미국하이일드액티브,99.0,3227,소
3227,메리츠 인버스 2X 국채3년 ETN,99.0,3228,소
3230,ARIRANG 미국S&P500,99.0,3229,소
3226,삼성 인버스 금 선물 ETN(H),99.0,3230,소
3228,메리츠 인버스 은 선물 ETN(H),99.0,3231,소
3231,KB 인버스 2X 나스닥 100 ETN,98.0,3232,소
3232,마이다스 KoreaStock액티브,98.0,3233,소
3236,SOL 자동차TOP3플러스,97.0,3234,소
3239,메리츠 인버스 3X 국채30년 ETN,97.0,3235,소
3238,TIGER 미국캐시카우100,97.0,3236,소
3237,KBSTAR 미국빅데이터Top3채권혼합iSelect,97.0,3237,소
3233,KODEX iShares미국인플레이션국채액티브,97.0,3238,소
3235,메리츠 KAP 중국 위안화 ETN,97.0,3239,소
3234,KODEX TDF2030액티브,97.0,3240,소
3242,메리츠 KAP 일본 엔화 ETN,96.0,3241,소
3244,QV iSelect-WG 그린에너지 ESG ETN,96.0,3242,소
3243,KODEX 테슬라밸류체인FactSet,96.0,3243,소
3240,노루페인트우,96.0,3244,소
3241,한투 구리 선물 ETN,96.0,3245,소
3245,메리츠 은 선물 ETN(H),95.0,3246,소
3246,메리츠 인버스 2X 국채5년 ETN,95.0,3247,소
3247,ACE 미국나스닥100채권혼합액티브,95.0,3248,소
3248,한투 S&P 엔달러 선물 ETN(H),95.0,3249,소
3261,KOSEF KRX100,94.0,3250,소
3255,삼성 은 선물 ETN(H),94.0,3251,소
3257,메리츠 3X 레버리지 국채10년 ETN,94.0,3252,소
3256,한투 인버스 유로스탁스50 ETN(H) C,94.0,3253,소
3254,메리츠 KAP 레버리지 중국 위안화 ETN,94.0,3254,소
3259,SOL 유럽탄소배출권선물S&P(H),94.0,3255,소
3260,KOSEF 차이나A50커넥트MSCI,94.0,3256,소
3250,한투 일본 엔선물 ETN C,94.0,3257,소
3258,ARIRANG KRX300,94.0,3258,소
3252,한투 블룸버그 WTI원유 선물 ETN,94.0,3259,소
3249,KODEX 미국S&P500필수소비재,94.0,3260,소
3251,KB S&P 유럽탄소배출권 선물 ETN(H),94.0,3261,소
3253,삼성 블룸버그 WTI원유 선물 ETN,94.0,3262,소
3264,한화갤러리아우,93.0,3263,소
3267,ACE AI반도체포커스,93.0,3264,소
3265,한투 블룸버그 인도네시아 대표원자재 ETN,93.0,3265,소
3266,대신 3X 레버리지 국채10년 ETN,93.0,3266,소
3263,KODEX 미국S&P500유틸리티,93.0,3267,소
3262,KOSEF 미국달러선물인버스,93.0,3268,소
3268,KODEX Fn웹툰&드라마,92.0,3269,소
3269,KOSEF 미국S&P500(H),92.0,3270,소
3270,메리츠 KAP 레버리지 일본 엔화 ETN,92.0,3271,소
3271,삼양사우,92.0,3272,소
3274,SOL 조선TOP3플러스,91.0,3273,소
3275,한투 FnGuide IoT ETN,91.0,3274,소
3273,TREX 펀더멘탈 200,91.0,3275,소
3272,신한 인버스 은 선물 ETN(H),91.0,3276,소
3278,KODEX 미국S&P500헬스케어,90.0,3277,소
3279,미래에셋 인도네시아 금속&에너지 Top5 ETN,90.0,3278,소
3277,ACE 미국달러단기채권액티브,90.0,3279,소
3276,키움 KPOP ETN,90.0,3280,소
3280,한투 S&P 레버리지 엔달러 선물 ETN(H),89.0,3281,소
3286,삼성 구리 선물 ETN(H),88.0,3282,소
3290,QV iSelect 배터리 재활용 Top10 ETN,88.0,3283,소
3289,신한 인버스 달러인덱스 선물 ETN(H),88.0,3284,소
3288,한투 레버리지 일본 엔선물 ETN C,88.0,3285,소
3287,KB 인버스 2X 금 선물 ETN(H),88.0,3286,소
3283,KBSTAR 글로벌클린에너지S&P,88.0,3287,소
3285,ACE 미국하이일드액티브(H),88.0,3288,소
3284,메리츠 구리 선물 ETN(H),88.0,3289,소
3282,삼성 인버스 코스닥 150 선물 ETN,88.0,3290,소
3281,신한 레버리지 Russell 2000 ETN,88.0,3291,소
3292,한투 코스닥 150 ETN,87.0,3292,소
3293,티와이홀딩스우,87.0,3293,소
3291,KODEX 미국S&P500경기소비재,87.0,3294,소
3295,KB 인버스 2X 콩 선물 ETN,86.0,3295,소
3296,한투 인버스 2X S&P500 선물 ETN(H),86.0,3296,소
3297,성신양회우,86.0,3297,소
3298,삼성 코스피 양매도 5% OTM ETN,86.0,3298,소
3299,신한 인버스 2X 은 선물 ETN(H),86.0,3299,소
3300,KOSEF K-테크TOP10,86.0,3300,소
3294,메리츠 레버리지 국채10년 ETN,86.0,3301,소
3304,히어로즈 국고채30년액티브,85.0,3302,소
3301,TREX 200,85.0,3303,소
3302,KODEX 미국ETF산업Top10 Indxx,85.0,3304,소
3303,KODEX 미국스마트모빌리티S&P,85.0,3305,소
3305,ACE 레버리지,84.0,3306,소
3306,KB 인버스 2X S&P 500 선물 ETN,84.0,3307,소
3307,삼성 인버스 2X 금 선물 ETN(H),84.0,3308,소
3308,히어로즈 미국달러SOFR금리액티브(합성),84.0,3309,소
3309,에셋플러스 글로벌대장장이액티브,84.0,3310,소
3310,하나 인버스 2X 콩 선물 ETN(H),84.0,3311,소
3311,한투 플래티넘 선물 ETN,84.0,3312,소
3312,TIGER 유로스탁스레버리지(합성 H),84.0,3313,소
3315,삼성 KRX 2차전지 K-뉴딜 ETN,83.0,3314,소
3313,TIGER 한중전기차(합성),83.0,3315,소
3314,HANARO KAP초장기국고채,83.0,3316,소
3317,한투 베트남 VN30 선물 ETN(H),83.0,3317,소
3316,KBSTAR AI&로봇,83.0,3318,소
3318,ACE 삼성그룹동일가중,82.0,3319,소
3319,삼성 인버스 나스닥 100 ETN(H),82.0,3320,소
3320,TIGER 미국나스닥넥스트100,82.0,3321,소
3321,KODEX 미국채울트라30년선물인버스(H),82.0,3322,소
3322,ACE 골드선물 레버리지(합성 H),82.0,3323,소
3323,ARIRANG 미국테크10레버리지iSelect(합성),82.0,3324,소
3325,QV US 500 ETN(H),81.0,3325,소
3324,KB 인버스 KOSPI 200 선물 ETN,81.0,3326,소
3332,신한 인버스 다우존스지수 선물 ETN(H),80.0,3327,소
3329,KBSTAR 국채선물10년인버스,80.0,3328,소
3333,KODEX 코스닥150롱코스피200숏선물,80.0,3329,소
3331,KODEX MSCI Korea,80.0,3330,소
3330,하나 인버스 2X 코스닥150 선물 ETN,80.0,3331,소
3327,ACE 원자력테마딥서치,80.0,3332,소
3326,VITA 밸류알파액티브,80.0,3333,소
3328,SK증권우,80.0,3334,소
3339,크라운제과우,79.0,3335,소
3336,KBSTAR KRX300레버리지,79.0,3336,소
3334,ACE 일본반도체,79.0,3337,소
3335,신한 인버스 2X Russell 2000 ETN,79.0,3338,소
3337,TIGER 우량가치,79.0,3339,소
3338,TIMEFOLIO 탄소중립액티브,79.0,3340,소
3346,HANARO 원자력iSelect,78.0,3341,소
3342,마이다스 KoreaStock중소형액티브,78.0,3342,소
3343,ACE 미국빅테크TOP7 Plus인버스(합성),78.0,3343,소
3345,KOSEF 코스닥글로벌,78.0,3344,소
3344,메리츠 천연가스 선물 ETN(H),78.0,3345,소
3347,TIMEFOLIO K컬처액티브,78.0,3346,소
3341,KBSTAR 국채선물3년,78.0,3347,소
3340,ARIRANG 200선물인버스2X,78.0,3348,소
3349,히어로즈 미국성장기업30액티브,77.0,3349,소
3351,한투 인버스 2X HSCEI ETN(H),77.0,3350,소
3348,KB 인버스 2X 은 선물 ETN(H),77.0,3351,소
3356,KBSTAR 주식혼합,77.0,3352,소
3352,ACE 스마트밸류,77.0,3353,소
3350,SOL KEDI메가테크액티브,77.0,3354,소
3354,KBSTAR 200고배당커버드콜ATM,77.0,3355,소
3357,TIMEFOLIO 미국S&P500액티브,77.0,3356,소
3358,HANARO 미국S&P500,77.0,3357,소
3353,ACE 글로벌인컴TOP10 SOLACTIVE,77.0,3358,소
3355,HANARO 글로벌반도체TOP10 SOLACTIVE,77.0,3359,소
3362,KOSEF 코스피100,76.0,3360,소
3364,메리츠 미국채30년 ETN(H),76.0,3361,소
3363,대신 S&P WTI원유 선물 ETN,76.0,3362,소
3365,삼성 FnGuide 웹 3.0 ETN,76.0,3363,소
3361,KBSTAR 미국달러선물인버스,76.0,3364,소
3360,TIGER 금은선물(H),76.0,3365,소
3359,KBSTAR 미국S&P배당킹,76.0,3366,소
3370,TIGER 미국달러선물레버리지,75.0,3367,소
3373,KOSEF 미국방어배당성장나스닥,75.0,3368,소
3372,ARIRANG 미국달러SOFR금리액티브(합성),75.0,3369,소
3371,KOSEF 200선물레버리지,75.0,3370,소
3366,메리츠 국채30년 ETN,75.0,3371,소
3369,삼성 S&P500 VIX S/T 선물 ETN,75.0,3372,소
3368,TIGER 이머징마켓MSCI레버리지(합성 H),75.0,3373,소
3367,신한 인버스 2X 10년 국채선물 ETN,75.0,3374,소
3379,KODEX 미국클린에너지나스닥,74.0,3375,소
3374,KB STAR 50 ETN,74.0,3376,소
3375,ARIRANG 200선물레버리지,74.0,3377,소
3376,태영건설우,74.0,3378,소
3377,KODEX 콩선물(H),74.0,3379,소
3378,ACE 스마트퀄리티,74.0,3380,소
3386,SOL 미국30년국채액티브(H),73.0,3381,소
3383,TIGER S&P글로벌인프라(합성),73.0,3382,소
3387,BNK 미래전략기술액티브,73.0,3383,소
3385,KBSTAR 5대그룹주,73.0,3384,소
3384,KOSEF Fn중소형,73.0,3385,소
3382,메리츠 CSI 300 ETN,73.0,3386,소
3381,WOORI AI ESG액티브,73.0,3387,소
3380,ACE 스마트로우볼,73.0,3388,소
3391,KB 인버스 2X KOSPI 200 선물 ETN,72.0,3389,소
3394,KODEX Fn멀티팩터,72.0,3390,소
3393,한투 S&P500 VIX S/T 선물 ETN(H),72.0,3391,소
3392,KODEX 혁신기술테마액티브,72.0,3392,소
3390,마이티 코스피100,72.0,3393,소
3389,KBSTAR KQ고배당,72.0,3394,소
3388,TIGER KTOP30,72.0,3395,소
3398,에셋플러스 글로벌영에이지액티브,71.0,3396,소
3400,KBSTAR 글로벌주식분산액티브,71.0,3397,소
3399,대신 2X 알루미늄 선물 ETN(H),71.0,3398,소
3396,KODEX 한중반도체(합성),71.0,3399,소
3397,SOL 차이나육성산업액티브(합성),71.0,3400,소
3395,TIGER 경기방어채권혼합,71.0,3401,소
3403,SOL KRX기후변화솔루션,70.0,3402,소
3404,삼성 알루미늄 선물 ETN,70.0,3403,소
3401,KB 레버리지 은 선물 ETN(H),70.0,3404,소
3402,히어로즈 TDF2050액티브,70.0,3405,소
3412,ACE 스마트모멘텀,69.0,3406,소
3405,KBSTAR KRX기후변화솔루션,69.0,3407,소
3406,KODEX 모멘텀Plus,69.0,3408,소
3407,KOSEF 차이나A50커넥트인버스MSCI(합성 H),69.0,3409,소
3408,BNK 2차전지양극재,69.0,3410,소
3413,KBSTAR 글로벌수소경제Indxx,69.0,3411,소
3410,KBSTAR V&S셀렉트밸류,69.0,3412,소
3409,에셋플러스 글로벌다이나믹시니어액티브,69.0,3413,소
3411,KODEX 200 중소형,69.0,3414,소
3414,ACE 싱가포르리츠,69.0,3415,소
3415,파워 고배당저변동성,68.0,3416,소
3416,TIGER MSCI KOREA ESG유니버설,68.0,3417,소
3417,ARIRANG KS로우사이즈가중TR,68.0,3418,소
3418,WOORI 200,68.0,3419,소
3420,KOSEF Fn유전자혁신기술,68.0,3420,소
3419,신한 레버리지 10년 국채선물 ETN,68.0,3421,소
3421,대상홀딩스우,67.0,3422,소
3422,일양약품우,67.0,3423,소
3425,KODEX 국채선물10년인버스,66.0,3424,소
3426,덕성우,66.0,3425,소
3423,HANARO Fn5G산업,66.0,3426,소
3424,HANARO Fn K-푸드,66.0,3427,소
3436,ARIRANG 코스피,65.0,3428,소
3435,남선알미우,65.0,3429,소
3437,HANARO Fn K-메타버스MZ,65.0,3430,소
3432,KBSTAR 유로스탁스50(H),65.0,3431,소
3433,KODEX 국채선물3년인버스,65.0,3432,소
3434,KODEX MSCI밸류,65.0,3433,소
3431,히어로즈 TDF2040액티브,65.0,3434,소
3429,KODEX MSCI모멘텀,65.0,3435,소
3428,ACE Fn5G플러스,65.0,3436,소
3427,ARIRANG S&P글로벌인프라,65.0,3437,소
3430,KB 레버리지 구리 선물 ETN(H),65.0,3438,소
3440,ACE 코스피,64.0,3439,소
3443,히어로즈 TDF2030액티브,64.0,3440,소
3442,TIGER 미국S&P500선물인버스(H),64.0,3441,소
3441,KB KOSDAQ 150 선물 ETN,64.0,3442,소
3438,HANARO 글로벌워터MSCI(합성),64.0,3443,소
3439,HANARO 고배당,64.0,3444,소
3446,FOCUS 혁신기업액티브,63.0,3445,소
3448,ARIRANG 글로벌MSCI(합성 H),63.0,3446,소
3447,KB 인버스 KOSDAQ150 선물 ETN,63.0,3447,소
3444,KOSEF 200선물인버스2X,63.0,3448,소
3445,HANARO KRX기후변화솔루션,63.0,3449,소
3449,KODEX 한중전기차(합성),63.0,3450,소
3450,ARIRANG 고배당저변동50,62.0,3451,소
3451,ACE 스마트하이베타,62.0,3452,소
3452,동원시스템즈우,62.0,3453,소
3453,TIGER 모멘텀,62.0,3454,소
3454,HANARO KRX300,62.0,3455,소
3456,ARIRANG 신흥국MSCI인버스(합성 H),61.0,3456,소
3455,한양증권우,61.0,3457,소
3457,대신 천연가스 선물 ETN(H),61.0,3458,소
3462,KODEX 최소변동성,61.0,3459,소
3459,KOSEF SK그룹대표주,61.0,3460,소
3461,크라운해태홀딩스우,61.0,3461,소
3460,KBSTAR 글로벌자산배분액티브,61.0,3462,소
3458,KBSTAR 헬스케어,61.0,3463,소
3463,메리츠 레버리지 미국채10년 ETN(H),60.0,3464,소
3464,TIGER 200커버드콜5%OTM,60.0,3465,소
3465,KBSTAR 차이나항셍테크,60.0,3466,소
3466,KB 레버리지 밀 선물 ETN,60.0,3467,소
3467,TIGER 의료기기,60.0,3468,소
3472,ARIRANG KS모멘텀가중TR,59.0,3469,소
3468,KB KOSPI 200 선물 ETN,59.0,3470,소
3474,메리츠 STAR 50 ETN,59.0,3471,소
3473,ARIRANG KS밸류가중TR,59.0,3472,소
3471,TIGER 우선주,59.0,3473,소
3470,KBSTAR 글로벌농업경제MV,59.0,3474,소
3469,TIGER 라틴35,59.0,3475,소
3482,KBSTAR 글로벌원자력iSelect,58.0,3476,소
3478,TIGER 차이나항셍25,58.0,3477,소
3481,HK 베스트일레븐액티브,58.0,3478,소
3480,ACE 중국과창판STAR50,58.0,3479,소
3479,ACE Fn성장소비주도주,58.0,3480,소
3477,ARIRANG 태양광&ESS Fn,58.0,3481,소
3475,HANARO 농업융복합산업,58.0,3482,소
3476,SOL 유럽탄소배출권선물인버스ICE(H),58.0,3483,소
3489,HANARO 유로존국채25년플러스(합성 H),57.0,3484,소
3484,ARIRANG 단기채권액티브,57.0,3485,소
3485,삼성 HSCEI ETN(H),57.0,3486,소
3483,하이트진로홀딩스우,57.0,3487,소
3487,KODEX K-이노베이션액티브,57.0,3488,소
3488,대원전선우,57.0,3489,소
3486,히어로즈 글로벌리츠이지스액티브,57.0,3490,소
3494,TIGER 코스피대형주,56.0,3491,소
3492,동부건설우,56.0,3492,소
3493,ARIRANG 글로벌수소&차세대연료전지MV,56.0,3493,소
3495,신한 인버스 2X S&P500 선물 ETN,56.0,3494,소
3491,ARIRANG KS로우볼가중TR,56.0,3495,소
3490,ACE 국채선물10년인버스,56.0,3496,소
3496,삼성 항셍테크 ETN(H),55.0,3497,소
3497,ARIRANG KS퀄리티가중TR,55.0,3498,소
3498,ACE 베트남VN30선물블룸버그레버리지(H),55.0,3499,소
3499,KODEX TDF2040액티브,55.0,3500,소
